Sex,Week,Age,cov_deaths_wk,cov_cases_wk,cov_tests_wk,Deaths
b,11,0,NA,0.40000000000000036,260.8,4
b,11,5,NA,0.6000000000000005,131.2,1
b,11,10,NA,0.40000000000000036,67,2
b,11,15,NA,1.6000000000000014,73,2
b,11,20,NA,8.699999999999996,193.90000000000003,2
b,11,25,NA,18.299999999999997,380.09999999999997,3
b,11,30,NA,21.599999999999994,480.59999999999997,1
b,11,35,NA,28.400000000000006,522.4000000000001,9
b,11,40,NA,48.69999999999999,595.4000000000001,5.000000000000001
b,11,45,NA,53.30000000000001,592.5999999999999,11
b,11,50,NA,39.500000000000014,558.8000000000001,17
b,11,55,NA,38.5,507.19999999999993,35
b,11,60,NA,45.50000000000001,467.90000000000003,64
b,11,65,NA,48.49999999999999,456.09999999999997,105
b,11,70,NA,54.400000000000006,507.5,125
b,11,75,NA,51.599999999999994,466.5,169
b,11,80,NA,49.199999999999996,393.79999999999995,157
b,11,85,NA,30.800000000000004,264.20000000000005,170
b,11,90,NA,9.3,130.4,121
b,11,95,NA,2.4,38.900000000000006,52
b,11,100,NA,0.3,5.7,11
b,12,0,NA,2,207,2
b,12,5,NA,3,116,1
b,12,10,NA,3.5,91.69999999999999,2
b,12,15,NA,7.5,118.30000000000001,1
b,12,20,NA,25,254.5,1
b,12,25,NA,44.999999999999986,474.5000000000001,2
b,12,30,NA,47.20000000000002,590.6000000000001,4
b,12,35,NA,48.79999999999998,615.3999999999999,4
b,12,40,NA,63.70000000000002,686.0999999999999,12
b,12,45,NA,94.30000000000001,718.9000000000001,11
b,12,50,NA,120.5,736.3999999999999,23
b,12,55,NA,107.49999999999999,677.6000000000001,32
b,12,60,NA,86.19999999999999,590,53
b,12,65,NA,87.80000000000001,546,86
b,12,70,NA,115.99999999999999,597.1999999999999,134
b,12,75,NA,107.00000000000001,542.8000000000001,178.00000000000003
b,12,80,NA,74.7,452.30000000000007,191
b,12,85,NA,41.3,306.69999999999993,210
b,12,90,NA,18.5,156.89999999999998,132
b,12,95,NA,4.9,48.7,53
b,12,100,NA,0.6000000000000001,7.4,8
b,13,0,NA,6.6000000000000005,442.9000000000001,2
b,13,5,NA,9.399999999999999,346.1,0
b,13,10,NA,14.299999999999999,359.79999999999995,0
b,13,15,NA,29.699999999999996,487.20000000000005,2
b,13,20,NA,82.10000000000001,951.1,2
b,13,25,NA,146.90000000000003,1647.9,0
b,13,30,NA,153.5,1971,1
b,13,35,NA,151.5,2068,3
b,13,40,NA,186.6,2423.3,5
b,13,45,NA,218.39999999999998,2619.7,11
b,13,50,NA,231.09999999999997,2672.4,15
b,13,55,NA,203.90000000000003,2404.6,36
b,13,60,NA,162.4,1914.8999999999999,53
b,13,65,NA,123.6,1428.1000000000001,77
b,13,70,NA,99.10000000000002,1165.8000000000002,141
b,13,75,NA,79.89999999999998,888.1999999999998,154
b,13,80,NA,77.80000000000001,740.8999999999999,197
b,13,85,NA,63.19999999999999,556.1000000000001,190
b,13,90,NA,37,320.40000000000003,165
b,13,95,NA,12.799999999999999,110.79999999999998,52
b,13,100,NA,2.1999999999999997,18.800000000000004,5
b,14,0,0,14.399999999999999,678.8999999999999,3
b,14,5,0,17.599999999999998,500.1,0
b,14,10,0,25.500000000000004,499.60000000000014,0
b,14,15,0,46.5,661.3999999999999,0
b,14,20,0,107.70000000000002,1240.6000000000001,3
b,14,25,0,164.29999999999995,1934.3999999999996,4
b,14,30,-0.1,140.5,1965.1,2
b,14,35,0,111.5,1817.9,3
b,14,40,0,118.89999999999998,2091.2999999999993,5
b,14,45,0.10000000000000009,144.10000000000002,2342.7000000000007,19
b,14,50,0.5,174,2470.8999999999996,23
b,14,55,1.3999999999999995,160,2251.1000000000004,32
b,14,60,4.799999999999999,116.89999999999998,1796.9,57
b,14,65,9.4,79.10000000000002,1368.1,86
b,14,70,13.999999999999996,61.19999999999999,1167.1,150
b,14,75,16.599999999999994,51.80000000000001,888.9000000000001,197
b,14,80,17.1,53.69999999999999,684.2000000000003,194
b,14,85,15.600000000000001,45.30000000000001,468.79999999999995,181
b,14,90,12.8,26.900000000000006,255.29999999999995,132
b,14,95,6.1,9.5,85.60000000000002,55
b,14,100,1.4000000000000001,1.6000000000000005,14.099999999999994,10
b,15,0,0,7.5000000000000036,850.2,2
b,15,5,0,10.5,659.8,0
b,15,10,0,17.89999999999999,649.8999999999999,0
b,15,15,0,35.10000000000001,749.0999999999999,0
b,15,20,0,79.69999999999999,1134.5,1
b,15,25,0,114.30000000000007,1603.5,1
b,15,30,0.1,91.59999999999997,1773.1000000000004,3
b,15,35,0.1,76.40000000000003,1838.8999999999996,3
b,15,40,0.2,95.80000000000007,2111.1000000000004,7
b,15,45,0.3999999999999999,111.19999999999993,2166.8999999999996,12
b,15,50,0.7999999999999998,109.10000000000002,2115.7000000000007,17
b,15,55,1.6000000000000005,96.89999999999998,1960.2999999999993,30
b,15,60,2.4000000000000004,79.80000000000007,1687.6999999999998,64
b,15,65,4.399999999999999,57.19999999999999,1329.3000000000002,91
b,15,70,9.5,42.69999999999999,1110.1000000000004,149
b,15,75,13.900000000000006,38.30000000000001,844.9000000000001,166
b,15,80,17.4,46.39999999999998,684,202
b,15,85,14.899999999999999,44.599999999999994,492.9999999999998,190
b,15,90,8.299999999999997,29,274.80000000000007,142
b,15,95,2.8999999999999986,10.900000000000002,92.80000000000001,56
b,15,100,0.5,2,15.400000000000006,8
b,16,0,0,11.5,2100.2,6
b,16,5,0,15.5,1716.8000000000002,1
b,16,10,0,25.400000000000006,1726.5000000000002,0
b,16,15,0,43.599999999999994,1935.5,1
b,16,20,0,78.59999999999997,2795.3999999999996,2
b,16,25,0,101.39999999999998,3897.5999999999995,6
b,16,30,0,88.30000000000007,4358,4
b,16,35,0,78.69999999999993,4452,5
b,16,40,0,92.69999999999993,4984.9,8
b,16,45,0.19999999999999996,104.30000000000007,5311.1,11
b,16,50,0.5,105.89999999999998,5611.4,15
b,16,55,1.0999999999999996,93.10000000000002,5230.6,39
b,16,60,2.700000000000001,72.39999999999998,4231.5999999999995,54
b,16,65,4.300000000000001,52.599999999999966,3219.4000000000005,85
b,16,70,5.100000000000001,45.5,2724,122
b,16,75,5.8999999999999915,45.5,2050.9999999999995,170
b,16,80,8.900000000000006,52.900000000000034,1539.1999999999998,169
b,16,85,12.099999999999994,44.099999999999994,999.8000000000002,171
b,16,90,12.700000000000003,23,503.20000000000005,131
b,16,95,7.300000000000001,7,154.60000000000002,63
b,16,100,2,1,23.299999999999997,15
b,17,0,0,20.700000000000003,2698.3,6
b,17,5,0,23.299999999999997,2307.7,0
b,17,10,0,31.80000000000001,2446.2,1
b,17,15,0,47.19999999999999,2948.8,4
b,17,20,0,77.39999999999998,4591.4000000000005,1
b,17,25,0,97.60000000000002,6439.600000000002,2
b,17,30,0,86.39999999999998,6691.699999999999,2
b,17,35,0,71.60000000000002,6492.300000000001,6
b,17,40,0.09999999999999998,70.10000000000002,7386.1,8
b,17,45,0.10000000000000009,70.89999999999998,8069.9,24
b,17,50,0.30000000000000027,77.20000000000005,8536.5,16
b,17,55,0.6000000000000005,71.79999999999995,7924.5,42
b,17,60,1,54.19999999999993,6388.299999999999,44
b,17,65,3.0000000000000036,35.80000000000001,4787.699999999999,82
b,17,70,9,26.900000000000034,3928.1000000000004,135
b,17,75,13,25.099999999999966,2860.8999999999996,176
b,17,80,13.299999999999997,30.30000000000001,2104.8,170
b,17,85,11.700000000000003,28.69999999999999,1384.1999999999998,150
b,17,90,8.899999999999999,17.69999999999999,724.4000000000001,153
b,17,95,4.100000000000001,6.299999999999997,232.89999999999998,49
b,17,100,0.8999999999999995,1.0999999999999996,36.7,15
b,18,0,0,26.19999999999999,2283.5,6
b,18,5,0,26.80000000000001,2081.5,0
b,18,10,0,32.39999999999998,2322.2999999999993,0
b,18,15,0,42.60000000000002,2901.7000000000007,0
b,18,20,0,61.5,4572.799999999999,2
b,18,25,0.1,73.5,6290.199999999997,2
b,18,30,0.1,68.39999999999998,6268.600000000002,2
b,18,35,0.2,61.60000000000002,5864.399999999998,4
b,18,40,0.30000000000000004,66,6572.5,9
b,18,45,0.6000000000000001,69,7151.5,11
b,18,50,1.0999999999999996,71.60000000000002,7589.4000000000015,22
b,18,55,1.5999999999999996,64.39999999999998,7165.5999999999985,31
b,18,60,1.1999999999999993,48.90000000000009,5928.600000000002,45
b,18,65,0.7999999999999972,34.099999999999966,4517.4,68
b,18,70,1.8000000000000043,27.5,3697.3999999999996,117
b,18,75,3.200000000000003,23.5,2643.6000000000004,164
b,18,80,5.700000000000003,22.599999999999966,1887.9000000000005,167
b,18,85,8.299999999999997,15.400000000000034,1202.1000000000004,183
b,18,90,8.599999999999994,5.900000000000006,609.5,147
b,18,95,4.9999999999999964,1,189.69999999999993,55
b,18,100,1.5,0.09999999999999964,28.799999999999997,12
b,19,0,0,12.5,2073.2999999999993,6
b,19,5,0,14.5,1953.7000000000007,0
b,19,10,0,19.900000000000006,2195,0
b,19,15,0,25.099999999999966,2643,2
b,19,20,0,29.40000000000009,3903.199999999999,3
b,19,25,0,37.59999999999991,5157.800000000003,1
b,19,30,-0.1,48.89999999999998,5136.299999999999,4
b,19,35,-0.10000000000000003,44.10000000000002,4784.700000000001,4
b,19,40,-0.20000000000000007,31.899999999999977,5209.4000000000015,5
b,19,45,-0.30000000000000004,26.09999999999991,5551.5999999999985,16
b,19,50,-0.5999999999999996,38.700000000000045,5884.4000000000015,35
b,19,55,-0.8000000000000007,40.30000000000007,5561.5999999999985,33
b,19,60,-0.6999999999999993,26.699999999999932,4687.0999999999985,49
b,19,65,-0.29999999999999716,15.300000000000068,3815.9000000000015,83
b,19,70,1.2999999999999972,11.399999999999977,3394.6000000000004,113
b,19,75,3.700000000000003,9.600000000000023,2503.3999999999996,156
b,19,80,5.8999999999999915,9.400000000000034,1726.0999999999985,163
b,19,85,5.1000000000000085,7.599999999999966,1021.8999999999996,174
b,19,90,2.1000000000000085,4.300000000000011,476.39999999999964,124
b,19,95,0.20000000000000284,1.5,135.9000000000001,46
b,19,100,-0.1999999999999993,0.20000000000000107,18.599999999999994,9
b,20,0,0,18.5,1948.7000000000007,3
b,20,5,0,14.5,1612.2999999999993,0
b,20,10,0,12.700000000000017,1916.6000000000004,0
b,20,15,0,15.300000000000011,3112.3999999999996,1
b,20,20,0,31.5,6106.5,1
b,20,25,0,48.5,7854.5,3
b,20,30,0,41.5,5295.499999999996,1
b,20,35,0,31.5,3247.5,6
b,20,40,0,30.899999999999977,3696.199999999997,8
b,20,45,-0.10000000000000009,32.100000000000136,4567.800000000003,9
b,20,50,0,33.799999999999955,4810.399999999994,22
b,20,55,0.10000000000000142,30.199999999999932,4343.600000000006,35
b,20,60,0.1999999999999993,22.200000000000045,3738.100000000002,49
b,20,65,0.7999999999999972,14.799999999999955,3270.899999999998,77
b,20,70,1.5999999999999943,11.199999999999989,3093.5999999999985,119
b,20,75,2.4000000000000057,8.800000000000011,2309.4000000000015,138
b,20,80,3,8.199999999999989,1551.800000000001,155
b,20,85,3,6.800000000000011,892.1999999999998,156
b,20,90,2.3999999999999915,4.199999999999989,410.3000000000002,114
b,20,95,1.2000000000000028,1.5,116.59999999999991,45
b,20,100,0.29999999999999893,0.29999999999999893,16,9
b,21,0,0,6.200000000000017,264.2999999999993,3
b,21,5,0,6.799999999999983,228.70000000000073,0
b,21,10,0,8.899999999999977,263.60000000000036,1
b,21,15,0,12.100000000000023,382.39999999999964,1
b,21,20,0,17.699999999999932,694.3000000000029,1
b,21,25,0,20.300000000000068,909.6999999999971,2
b,21,30,0,17.399999999999977,706.2000000000044,5
b,21,35,0,13.600000000000023,507.7999999999993,3
b,21,40,0,11.900000000000091,524.5999999999985,7
b,21,45,0,12.099999999999909,590.4000000000015,10
b,21,50,0,13.700000000000045,640.2000000000044,14
b,21,55,0,11.300000000000068,594.7999999999956,31
b,21,60,0,7.5,520.0999999999985,57
b,21,65,0,7.5,496.90000000000146,74
b,21,70,1.1000000000000085,10.500000000000057,522.5,124.99999999999999
b,21,75,1.8999999999999915,10.5,403.5,146
b,21,80,1.2999999999999972,8.399999999999977,258.10000000000036,154
b,21,85,0.7000000000000028,5.600000000000023,131.90000000000055,156
b,21,90,0.20000000000000284,3,51.19999999999982,138
b,21,95,-0.10000000000000142,0.8999999999999986,11.700000000000045,57
b,21,100,-0.09999999999999964,0.09999999999999964,1.0999999999999943,9
b,22,0,0,10.399999999999977,2048.2000000000007,4
b,22,5,0,10.600000000000023,1903.7999999999993,0
b,22,10,0,13.400000000000006,2197.3999999999996,2
b,22,15,0,18.599999999999966,2890.5999999999985,0
b,22,20,0,29.899999999999977,4667.299999999999,2
b,22,25,0,37.10000000000002,6001.700000000004,1
b,22,30,0,30.800000000000068,5165.699999999997,2
b,22,35,0,24.199999999999932,4196.300000000003,6
b,22,40,0.10000000000000009,24.199999999999932,4359.9000000000015,5
b,22,45,0.19999999999999996,25.799999999999955,4667.0999999999985,7
b,22,50,0.2999999999999998,29.5,5052.199999999997,25
b,22,55,0.5,29.5,5004.800000000003,24
b,22,60,1.1000000000000014,24.399999999999977,4697.699999999997,60
b,22,65,1.8999999999999986,17.600000000000023,4447.299999999999,86
b,22,70,2.5,13.599999999999909,4352.700000000001,121
b,22,75,3.5,10.399999999999977,3046.2999999999993,148
b,22,80,5.6000000000000085,8.900000000000034,1736.0999999999985,155
b,22,85,5.3999999999999915,6.099999999999966,850.9000000000005,150
b,22,90,3,3,367.60000000000036,103
b,22,95,0.8999999999999986,0.9000000000000057,104.79999999999995,53
b,22,100,0.09999999999999964,0.10000000000000142,14.700000000000017,13
b,23,0,0,11.600000000000023,6713.299999999999,4
b,23,5,0,10.399999999999977,4934.700000000001,0
b,23,10,0,10.800000000000011,4669.300000000001,0
b,23,15,0,12.200000000000045,5399.700000000001,0
b,23,20,0,16.200000000000045,8407.999999999996,2
b,23,25,0,21.799999999999955,11259,3
b,23,30,0,24.100000000000023,10286.599999999999,0
b,23,35,0,20.899999999999977,8273.400000000001,4
b,23,40,-0.10000000000000009,17.399999999999977,7764.700000000004,4
b,23,45,-0.09999999999999987,15.600000000000136,7544.299999999996,9
b,23,50,0,18.199999999999818,7900.300000000003,22
b,23,55,0.09999999999999964,16.800000000000068,7681.699999999997,33
b,23,60,0.29999999999999716,12,7007.4000000000015,62.00000000000001
b,23,65,0.7000000000000028,10,6638.600000000002,67
b,23,70,1.5999999999999943,11.700000000000045,6740,113
b,23,75,1.4000000000000057,11.300000000000011,4943,142
b,23,80,0.20000000000000284,9.299999999999955,3004.100000000002,166
b,23,85,-0.20000000000000284,4.7000000000000455,1566.8999999999996,152
b,23,90,0.4000000000000057,0.5999999999999943,685.5,122.99999999999999
b,23,95,0.5,-0.4000000000000057,190,43
b,23,100,0.20000000000000107,-0.10000000000000142,25.5,11
b,24,0,0,5,4002.600000000002,7
b,24,5,0,5,2609.399999999998,0
b,24,10,0,6.099999999999994,2166.5999999999985,0
b,24,15,0,7.899999999999977,2224.4000000000015,0
b,24,20,0,11.700000000000045,3256.5,3
b,24,25,0,14.299999999999955,4455.5,4
b,24,30,0,13.399999999999977,4314.100000000006,3
b,24,35,0,12.600000000000023,3529.899999999994,3
b,24,40,0,15.200000000000045,3141,10
b,24,45,0,17.799999999999955,2799,11
b,24,50,0,18.600000000000136,2754.0999999999985,19
b,24,55,0,14.399999999999864,2606.9000000000015,36
b,24,60,0,8.700000000000045,2303.2000000000044,50
b,24,65,0,6.2999999999999545,2077.7999999999956,73
b,24,70,-0.20000000000000284,6.2000000000000455,2053.5,121
b,24,75,0.20000000000000284,4.800000000000011,1547.5,132
b,24,80,1.3999999999999915,2.6000000000000227,1025.3999999999978,169
b,24,85,1.6000000000000085,1.3999999999999773,597.6000000000004,158
b,24,90,0.7999999999999972,1.200000000000017,287.5,129
b,24,95,0.10000000000000142,0.6000000000000014,86,61
b,24,100,0,0.10000000000000142,12.400000000000006,11
b,25,0,0,12.099999999999994,8016.299999999996,3.9999999999999996
b,25,5,0,12.900000000000006,5779.700000000001,0.9999999999999999
b,25,10,0,16.30000000000001,5334.600000000002,0
b,25,15,0,20.69999999999999,5844.399999999998,0.9999999999999999
b,25,20,0,26.699999999999932,8456.400000000001,3.9999999999999996
b,25,25,0,29.299999999999955,10913.599999999991,0
b,25,30,0,28,10090.5,0.9999999999999999
b,25,35,0,26,8272.5,3
b,25,40,0,27,7751.899999999994,7
b,25,45,0,27,7318.100000000006,17
b,25,50,0,25.59999999999991,7291.199999999997,26
b,25,55,0,19.40000000000009,6809.800000000003,24
b,25,60,0.40000000000000213,13.899999999999977,5985.199999999997,55
b,25,65,0.6000000000000014,15.100000000000023,5454.800000000003,77
b,25,70,0.10000000000000853,20.5,5472.300000000003,100
b,25,75,-0.10000000000000853,18.5,4141.700000000001,144
b,25,80,0.5,12.199999999999989,2693.9000000000015,148
b,25,85,0.5,5.800000000000011,1494.0999999999985,151
b,25,90,0.09999999999999432,2.3999999999999773,666.8000000000002,130
b,25,95,0,0.6000000000000014,183.20000000000005,43
b,25,100,-0.09999999999999964,0.09999999999999964,24.099999999999966,12
b,26,0,0,6.199999999999989,3238.4000000000015,10
b,26,5,0,4.800000000000011,2828.600000000002,0
b,26,10,0,4.599999999999994,3050.5999999999985,0
b,26,15,0,5.400000000000034,3717.4000000000015,0
b,26,20,0,9.700000000000045,5578.300000000003,1
b,26,25,0,15.300000000000182,6851.700000000012,3
b,26,30,0,14.899999999999977,5786.699999999997,4
b,26,35,0,11.100000000000023,4616.300000000003,3
b,26,40,0,8.400000000000091,4637.4000000000015,5
b,26,45,0,7.599999999999909,4738.599999999991,4
b,26,50,0,9.200000000000045,4815.5,16
b,26,55,0,7.7999999999999545,4411.5,46
b,26,60,0,4.7999999999999545,3850.300000000003,49
b,26,65,0,4.2000000000000455,3624.699999999997,73
b,26,70,-0.10000000000000853,5.199999999999932,3777.7999999999956,113
b,26,75,0.10000000000000853,3.8000000000000114,2861.2000000000007,153
b,26,80,0.5,1.3000000000000114,1812.7000000000007,165
b,26,85,0.5,0.6999999999999886,999.3000000000011,159
b,26,90,0.10000000000000853,1.1000000000000227,460.59999999999945,112
b,26,95,-0.10000000000000142,0.7000000000000028,132.9000000000001,57
b,26,100,0,0.09999999999999964,18.5,11
b,27,0,0,1.9000000000000057,1828.9000000000015,7
b,27,5,0,3.0999999999999943,2204.0999999999985,0
b,27,10,0,5.299999999999983,2790.0999999999985,0
b,27,15,0,9.699999999999989,3583.9000000000015,0.9999999999999999
b,27,20,0,19.100000000000023,5337,6
b,27,25,0,23.899999999999864,6530,1.9999999999999998
b,27,30,0,15.799999999999955,5614.100000000006,3.9999999999999996
b,27,35,0,9.200000000000045,4465.899999999994,5
b,27,40,0,8.399999999999864,4345.9000000000015,3
b,27,45,0,11.600000000000136,4419.100000000006,7
b,27,50,0,15.5,4650.800000000003,24
b,27,55,0,12.5,4374.199999999997,44
b,27,60,-0.10000000000000142,6.5,3811.399999999994,62
b,27,65,0.09999999999999432,4.5,3544.600000000006,81
b,27,70,1.4000000000000057,5.300000000000068,3644.800000000003,101
b,27,75,1.5999999999999943,3.699999999999932,2683.199999999997,153
b,27,80,0.20000000000000284,0.8000000000000114,1610.5,142
b,27,85,-0.20000000000000284,0.19999999999998863,833.5,159
b,27,90,0.3999999999999915,1.0999999999999943,363.1999999999998,125
b,27,95,0.3999999999999986,0.6999999999999957,99.69999999999982,61
b,27,100,0.09999999999999964,0.1999999999999993,13.100000000000023,9
b,28,0,0,3.0999999999999943,1569.800000000003,3
b,28,5,0,7.900000000000006,2094.199999999997,0
b,28,10,0,14.900000000000034,2739.0999999999985,2
b,28,15,0,21.099999999999966,3445.9000000000015,0
b,28,20,0,24.199999999999932,4839.200000000004,2
b,28,25,0,17.799999999999955,5659.799999999988,5
b,28,30,0,13.300000000000068,4850.099999999991,1
b,28,35,0,14.699999999999932,3887.9000000000087,6
b,28,40,0,20.100000000000136,3747.100000000006,5
b,28,45,0,20.899999999999864,3750.899999999994,6
b,28,50,0,16.40000000000009,3927.199999999997,22
b,28,55,0,12.599999999999909,3708.800000000003,31
b,28,60,0,10.800000000000068,3217.800000000003,51
b,28,65,0,8.199999999999932,2922.199999999997,79
b,28,70,0.4000000000000057,5.7999999999999545,2976.5999999999985,110
b,28,75,0.5999999999999943,3.2000000000000455,2276.4000000000015,143
b,28,80,0.09999999999999432,2.1999999999999886,1469.3999999999978,155
b,28,85,-0.09999999999999432,2.8000000000000114,792.6000000000004,154
b,28,90,0,3.0999999999999943,337.40000000000055,126.99999999999999
b,28,95,0.10000000000000142,1.500000000000007,87.09999999999991,45
b,28,100,0.09999999999999964,0.40000000000000036,10.5,10
b,29,0,0,3.5,574.2999999999956,4
b,29,5,0,8.5,2375.7000000000044,0
b,29,10,0,16.099999999999966,3954.4000000000015,0
b,29,15,0,23.900000000000034,5339.5999999999985,1
b,29,20,0,29.399999999999977,7308.599999999991,6
b,29,25,0,23.600000000000136,7833.400000000009,4
b,29,30,0,15.499999999999886,6179.400000000009,2
b,29,35,0,15.5,5027.599999999991,2
b,29,40,0,22.799999999999955,5373.899999999994,9
b,29,45,0,29.200000000000045,5837.100000000006,11
b,29,50,0,29.799999999999955,6110,19
b,29,55,0,23.200000000000045,5444,44
b,29,60,-0.09999999999999787,14.899999999999977,4405.5,44
b,29,65,0.10000000000000142,10.100000000000023,3896.5,75
b,29,70,0.3999999999999915,8.299999999999955,3937.300000000003,130
b,29,75,0.6000000000000085,5.7000000000000455,2851.699999999997,136
b,29,80,0.20000000000000284,2.8000000000000114,1658.7000000000007,173
b,29,85,-0.20000000000000284,1.1999999999999886,832.2999999999993,168
b,29,90,0,0.6999999999999886,355.5,115
b,29,95,0,0.29999999999999716,96.10000000000036,72
b,29,100,0,0,12.399999999999977,11
b,30,0,0,6,896.9000000000015,6
b,30,5,0,9,2459.0999999999985,1
b,30,10,0,14.699999999999989,3985.2000000000044,1
b,30,15,0,24.30000000000001,5300.799999999996,3
b,30,20,0,43.30000000000007,7062.400000000009,2
b,30,25,0,55.700000000000045,7449.599999999991,5
b,30,30,0,47,6029.899999999994,6
b,30,35,0,41,5260.100000000006,7
b,30,40,0,46.799999999999955,5987.399999999994,7
b,30,45,0,45.200000000000045,6594.600000000006,11
b,30,50,0,33.5,6738.5,14
b,30,55,0,23.5,5887.5,33
b,30,60,0,18.699999999999932,4799.399999999994,56
b,30,65,0,14.300000000000068,4341.5999999999985,75
b,30,70,0.5,11.300000000000068,4453.0999999999985,103
b,30,75,0.5,7.699999999999932,3223.9000000000015,142
b,30,80,0,5,1851.0999999999985,149
b,30,85,0,2,910.9000000000015,146
b,30,90,0.4000000000000057,0.20000000000001705,380.09999999999945,111
b,30,95,0.3999999999999986,-0.20000000000000284,100.29999999999973,54
b,30,100,0.09999999999999964,-0.09999999999999964,12.600000000000023,12
b,31,0,0,12.599999999999994,1485.4000000000015,1
b,31,5,0,29.400000000000006,3753.5999999999985,0
b,31,10,0,55.400000000000034,6044.899999999994,1
b,31,15,0,78.60000000000002,7662.100000000006,2
b,31,20,0,92.5,9288.899999999994,7
b,31,25,0,85.5,9209.100000000006,2
b,31,30,0,74.90000000000009,7626.300000000003,0
b,31,35,0,61.10000000000002,6738.699999999997,3
b,31,40,0,51.200000000000045,7377.400000000009,9
b,31,45,0,54.799999999999955,7912.599999999991,14
b,31,50,0,74.59999999999991,8130.100000000006,23
b,31,55,0,66.40000000000009,7142.899999999994,39
b,31,60,0,36.40000000000009,5662.5,47
b,31,65,0,18.59999999999991,4809.500000000007,85
b,31,70,-0.09999999999999432,13.699999999999932,4676.5999999999985,123.99999999999999
b,31,75,0.09999999999999432,8.300000000000068,3342.4000000000015,129
b,31,80,0.9000000000000057,2.5,1925,155
b,31,85,1.0999999999999943,0.5,910,148
b,31,90,0.7000000000000028,1.0999999999999943,336.7000000000007,123.99999999999999
b,31,95,0.20000000000000284,0.7999999999999972,73.40000000000009,60
b,31,100,0.09999999999999964,0.1999999999999993,6.800000000000011,10
b,32,0,0,20.30000000000001,3582.7999999999956,4
b,32,5,0,40.69999999999999,5162.200000000004,0
b,32,10,0,74.69999999999999,7340.4000000000015,1
b,32,15,0,106.29999999999995,9231.599999999991,1
b,32,20,0,127.89999999999998,11846.800000000003,3
b,32,25,-0.1,111.09999999999991,12477.199999999997,5
b,32,30,0.19999999999999998,78.29999999999995,10183,3
b,32,35,0.39999999999999997,58.700000000000045,8493,5
b,32,40,-0.7,55.09999999999991,8927.399999999994,6
b,32,45,-1.8,58.90000000000009,9371.600000000006,11
b,32,50,0.40000000000000036,65.90000000000009,9581.399999999994,20
b,32,55,1.6999999999999993,52.09999999999991,8569.600000000006,38
b,32,60,0,28,7027.5,44
b,32,65,0,16,6073.5,69
b,32,70,0.8999999999999915,14,5811.100000000006,106
b,32,75,1.1000000000000085,10,4003.9000000000015,142
b,32,80,1,4.599999999999966,2221.2000000000044,159
b,32,85,1,1.400000000000034,1053.7999999999993,172
b,32,90,0.7000000000000028,0.6999999999999886,416.60000000000036,113
b,32,95,0.29999999999999716,0.29999999999999716,102.59999999999991,47
b,32,100,0,0.10000000000000142,11.800000000000011,8
b,33,0,0,24.400000000000006,5986.700000000004,4
b,33,5,0,36.60000000000002,9226.299999999996,1
b,33,10,0,58.5,12941.299999999996,0
b,33,15,0,78.5,13934.700000000012,1
b,33,20,0,93.70000000000005,13075.099999999991,2
b,33,25,0,80.29999999999995,10908.900000000009,3
b,33,30,0,51.600000000000136,10059.699999999997,4
b,33,35,0,35.399999999999864,9899.300000000003,5
b,33,40,0,33.100000000000136,10419.400000000009,9
b,33,45,0,34.899999999999864,10121.599999999991,12
b,33,50,0,38.700000000000045,9570.100000000006,22
b,33,55,0,34.299999999999955,8069.899999999994,44
b,33,60,0,23.299999999999955,6316.900000000009,53
b,33,65,0,13.700000000000045,5331.099999999991,72
b,33,70,0,8.400000000000091,5088.199999999997,138
b,33,75,0,4.599999999999909,3527.7999999999956,146
b,33,80,0,3,1971.0999999999985,153
b,33,85,0,2,934.8999999999978,138
b,33,90,0,1.3000000000000114,364.59999999999854,119
b,33,95,0,0.5,87.70000000000027,53
b,33,100,0,0.09999999999999964,9.799999999999955,15
b,34,0,0,6.299999999999983,6151.199999999997,7
b,34,5,0,16.69999999999999,10027.799999999996,1
b,34,10,0,35.60000000000002,14380.900000000009,0
b,34,15,0,59.39999999999998,14853.099999999991,0
b,34,20,0,87.20000000000005,12702.900000000009,2
b,34,25,0,84.79999999999995,10084.100000000006,5
b,34,30,0,52.09999999999991,9765.100000000006,4
b,34,35,0,35.90000000000009,9954.899999999994,6
b,34,40,0,39.59999999999991,10382.599999999991,7
b,34,45,0,41.40000000000009,9887.400000000009,8
b,34,50,0,35,9283.899999999994,21
b,34,55,0,27,7839.100000000006,27
b,34,60,0,21.200000000000045,6112,50
b,34,65,0,15.799999999999955,5070,88
b,34,70,0.4000000000000057,12.299999999999955,4721.199999999997,95
b,34,75,0.5999999999999943,7.7000000000000455,3214.800000000003,143
b,34,80,0.5999999999999943,4.300000000000011,1795.2999999999956,157
b,34,85,0.4000000000000057,2.6999999999999886,879.7000000000007,178
b,34,90,0,2,365.7000000000007,129
b,34,95,0,0.9000000000000057,95.5,54
b,34,100,0,0.1999999999999993,11.800000000000011,12
b,35,0,0,17.30000000000001,4347.5,5
b,35,5,0,28.69999999999999,8996.5,0
b,35,10,0,52.10000000000002,14235,0
b,35,15,0,88.89999999999998,15016,2
b,35,20,0,148.0999999999999,12689.400000000009,2
b,35,25,0,162.9000000000001,9987.599999999977,6
b,35,30,0,110.70000000000005,9466,3
b,35,35,0,80.29999999999995,9645,6
b,35,40,0,87.5,10137.699999999997,4
b,35,45,0,88.5,9562.300000000003,4
b,35,50,0,73.59999999999991,8789.400000000009,17
b,35,55,0,57.40000000000009,7471.599999999991,38
b,35,60,0,45.399999999999864,5982.800000000003,52
b,35,65,0,33.60000000000002,4894.199999999997,81
b,35,70,0.29999999999999716,24.899999999999977,4329.5,116
b,35,75,0.7000000000000028,15.100000000000023,2893.5,141
b,35,80,0.7000000000000028,7.699999999999989,1663.2000000000044,145
b,35,85,0.29999999999999716,3.3000000000000114,835.7999999999993,145
b,35,90,0.09999999999999432,1.4000000000000057,343.2999999999993,128
b,35,95,-0.10000000000000142,0.4000000000000057,86.5,48
b,35,100,-0.09999999999999964,0,10.199999999999989,10
b,36,0,0,40.39999999999998,3796.0000000000073,1
b,36,5,0,83.60000000000002,9695,0
b,36,10,0,157.5999999999999,16709.899999999994,0
b,36,15,0,215.4000000000001,18111.09999999999,1
b,36,20,0,233.70000000000005,15359.599999999977,2
b,36,25,0,196.29999999999995,11954.400000000023,2
b,36,30,0,155.70000000000005,10785.899999999994,1
b,36,35,0,134.29999999999995,10930.100000000006,6
b,36,40,0,140.9000000000001,11978.800000000017,10
b,36,45,0,155.0999999999999,11919.199999999983,11
b,36,50,0,171.20000000000005,11362,11
b,36,55,0,145.79999999999995,9654,24
b,36,60,0,96.60000000000014,7488.899999999994,53
b,36,65,0,64.39999999999998,5890.100000000006,76
b,36,70,0.4000000000000057,53.60000000000002,5047.300000000003,114
b,36,75,0.5999999999999943,38.39999999999998,3311.699999999997,145
b,36,80,0.5,23.5,1907,161
b,36,85,0.5,11.5,992,160
b,36,90,0.5999999999999943,4.699999999999989,433.40000000000146,145
b,36,95,0.4000000000000057,1.1999999999999886,117.39999999999964,53
b,36,100,0.09999999999999964,0.20000000000000107,15.100000000000023,9
b,37,0,0,28.400000000000034,3363.699999999997,3
b,37,5,0,84.60000000000002,9260.300000000003,2
b,37,10,0,192.4000000000001,16746.40000000001,1
b,37,15,0,304.5999999999999,18481.600000000006,2
b,37,20,0,386.70000000000005,15881.600000000006,0
b,37,25,0,343.29999999999995,12709.399999999994,6
b,37,30,0,227.89999999999986,11306,6
b,37,35,0,178.10000000000014,11099,5
b,37,40,0,208.5,12104.699999999983,4
b,37,45,0,247.5,12491.300000000017,8
b,37,50,0,256.39999999999986,12582.799999999988,21
b,37,55,0,198.60000000000014,10899.200000000012,38
b,37,60,-0.10000000000000142,125.39999999999986,8354.699999999997,56
b,37,65,0.10000000000000142,89.60000000000002,6658.300000000003,64
b,37,70,0.7999999999999972,83.89999999999998,5943,101
b,37,75,1.2000000000000028,62.10000000000002,3909,154
b,37,80,1.0999999999999943,36.700000000000045,2136.699999999997,155
b,37,85,0.9000000000000057,18.299999999999955,1058.300000000003,168
b,37,90,0.6000000000000085,9.300000000000011,457.09999999999854,116
b,37,95,0.29999999999999716,3.200000000000003,124.80000000000018,62
b,37,100,0.10000000000000142,0.5,16.30000000000001,9
b,38,0,0,59.30000000000001,3684.699999999997,7
b,38,5,0,136.69999999999993,7686.300000000003,1
b,38,10,0,286.79999999999995,13306.799999999988,1
b,38,15,0,426.20000000000005,15434.200000000012,2
b,38,20,0,494.1999999999998,14986.899999999994,1
b,38,25,0,398.8000000000002,12978.100000000006,0
b,38,30,0,250.89999999999986,10564.299999999988,2
b,38,35,0,200.0999999999999,9553.700000000012,5
b,38,40,0,242,10639.100000000006,5
b,38,45,0,280,11465.899999999994,7
b,38,50,0,277.4000000000001,11734,25
b,38,55,0,224.5999999999999,10151,38
b,38,60,0,156.80000000000018,7781.600000000006,53
b,38,65,0,105.19999999999993,6248.399999999994,72
b,38,70,0.7000000000000028,79,5653.699999999997,119
b,38,75,1.2999999999999972,53,3784.300000000003,181
b,38,80,1.4000000000000057,35.69999999999993,2119.7000000000044,189
b,38,85,1.5999999999999943,23.30000000000001,1075.2999999999993,164
b,38,90,1.7000000000000028,13.299999999999983,471.40000000000146,143
b,38,95,1,4.799999999999997,129.5999999999999,53
b,38,100,0.29999999999999893,0.8999999999999986,16.899999999999977,13
b,39,0,0,62.19999999999999,3454.699999999997,1
b,39,5,0,125.80000000000007,5857.300000000003,0
b,39,10,0,242.9000000000001,9347.600000000006,0
b,39,15,0,328.0999999999999,10750.399999999994,0
b,39,20,0,341.2000000000003,10938.700000000012,4
b,39,25,0,272.7999999999997,10109.299999999988,4
b,39,30,0,200.4000000000001,8534.5,1
b,39,35,0,181.60000000000014,7739.5,2
b,39,40,0,218.9000000000001,8531.399999999994,2
b,39,45,0,242.0999999999999,9101.600000000006,13
b,39,50,0.2999999999999998,227.30000000000018,9356.5,22
b,39,55,0.7000000000000011,172.69999999999982,8363.5,34
b,39,60,0.8000000000000007,117.29999999999995,6752.499999999985,54
b,39,65,1.2000000000000028,86.70000000000005,5596.5,77
b,39,70,1,75.10000000000002,5069.899999999994,124.99999999999999
b,39,75,1,48.89999999999998,3382.100000000006,130
b,39,80,2.0999999999999943,23.40000000000009,1898.8999999999942,167
b,39,85,1.9000000000000057,9.600000000000023,957.0999999999985,172
b,39,90,0.5,5.400000000000006,410.5,108
b,39,95,-0.29999999999999716,2.200000000000003,109.59999999999991,50
b,39,100,-0.1999999999999993,0.40000000000000036,13.900000000000034,8
b,40,0,0,45.39999999999998,3685.800000000003,3
b,40,5,0,100.59999999999991,5425.199999999997,0
b,40,10,0,205.19999999999982,7947.700000000012,0
b,40,15,0,282.8000000000002,8822.299999999988,1
b,40,20,0,296.39999999999964,9034.200000000012,4
b,40,25,0,242.60000000000036,8544.799999999988,1
b,40,30,0,180.80000000000018,7377.5,3
b,40,35,0,161.19999999999982,6860.5,4
b,40,40,0,194.5999999999999,7729.899999999994,6
b,40,45,0,229.4000000000001,8287.100000000006,7
b,40,50,0,236.0999999999999,8432.800000000017,23
b,40,55,0,180.9000000000001,7463.1999999999825,33
b,40,60,0,112.70000000000005,6002.100000000006,41
b,40,65,0,80.29999999999995,4969.900000000009,81
b,40,70,1.0999999999999943,76.09999999999991,4520.100000000006,111
b,40,75,1.9000000000000057,58.89999999999998,3060.899999999994,154
b,40,80,1.700000000000017,38.5,1758.5,163
b,40,85,2.299999999999997,20.5,896.5,159
b,40,90,3.1999999999999886,8.599999999999994,381.59999999999854,121
b,40,95,2.0999999999999943,2.1000000000000085,100.10000000000036,64
b,40,100,0.6999999999999993,0.3000000000000007,12.299999999999955,15
b,41,0,0,61.50000000000006,2602.899999999994,4
b,41,5,0,106.5,3277.100000000006,0
b,41,10,0,187.30000000000018,4388,2
b,41,15,0,256.6999999999998,5086,0
b,41,20,0,312.4000000000001,6022,1
b,41,25,0,308.5999999999999,6372,1
b,41,30,0,241.69999999999982,5552.8000000000175,1
b,41,35,0,191.30000000000018,4825.1999999999825,2
b,41,40,0,193.69999999999982,5102,2
b,41,45,0,217.30000000000018,5465,15
b,41,50,0,246.9000000000001,5811,11
b,41,55,0,212.0999999999999,5285,30
b,41,60,0.5999999999999979,144.5999999999999,4259.5,56
b,41,65,1.3999999999999986,106.40000000000009,3579.5,78
b,41,70,1.6000000000000085,97.90000000000009,3423,110
b,41,75,1.3999999999999915,71.10000000000002,2484,133
b,41,80,1.3999999999999773,42.5,1532.800000000003,150
b,41,85,1.5999999999999943,21.5,815.2000000000007,164
b,41,90,1.7000000000000028,9.700000000000017,350.40000000000146,114
b,41,95,1.1000000000000014,2.8999999999999915,91.5,53
b,41,100,0.3000000000000007,0.40000000000000036,11.200000000000045,7
b,42,0,0,78.79999999999995,3015.600000000006,3.9999999999999996
b,42,5,0,198.20000000000005,4554.399999999994,0.9999999999999999
b,42,10,0,429.9000000000001,6813.899999999994,0
b,42,15,0,593.0999999999999,7716.100000000006,0.9999999999999999
b,42,20,0,613.3000000000002,8111.799999999988,3
b,42,25,0,537.6999999999998,7961.200000000012,0
b,42,30,0,440.7000000000003,7070.100000000006,3
b,42,35,0,376.2999999999997,6506.899999999994,7
b,42,40,0,387.4000000000001,7110.100000000006,6
b,42,45,0,415.5999999999999,7571.899999999994,12
b,42,50,0.2999999999999998,441.6999999999998,7856.799999999988,22
b,42,55,0.6999999999999993,357.3000000000002,7052.200000000012,43
b,42,60,0.10000000000000142,228.29999999999995,5722.8000000000175,44
b,42,65,-0.10000000000000142,157.70000000000005,4873.199999999997,80
b,42,70,1.3999999999999915,136,4594.699999999997,130
b,42,75,2.6000000000000085,89,3144.300000000003,170
b,42,80,2.6000000000000227,44.89999999999998,1820.0999999999985,148
b,42,85,2.4000000000000057,22.099999999999966,988.9000000000015,166
b,42,90,2.299999999999997,13.400000000000006,472.5,109
b,42,95,1.3000000000000043,5.5,139.89999999999964,43
b,42,100,0.29999999999999893,1.0999999999999996,19.5,10
b,43,0,0,118.89999999999998,5185.399999999994,4
b,43,5,0,275.0999999999999,7463.600000000006,0
b,43,10,0,572.2999999999997,10483.100000000006,1
b,43,15,0,760.7000000000003,10654.899999999994,1
b,43,20,0,750.0999999999999,9682.100000000006,0
b,43,25,0,619.9000000000001,8668.899999999994,2
b,43,30,0,496.6999999999998,7868.1999999999825,2
b,43,35,0,457.3000000000002,7744.8000000000175,3
b,43,40,0,522.4000000000001,8748.600000000006,3
b,43,45,0,550.5999999999999,9106.399999999994,16
b,43,50,0.40000000000000036,509.5999999999999,8965.399999999994,27
b,43,55,0.5999999999999996,386.4000000000001,7842.600000000006,38
b,43,60,0.8999999999999986,260.20000000000005,6423,65
b,43,65,1.1000000000000014,186.79999999999995,5523.999999999985,74
b,43,70,1.6000000000000085,154.9000000000001,5190.900000000009,112
b,43,75,2.3999999999999915,98.09999999999991,3543.0999999999913,166
b,43,80,4.799999999999983,51.89999999999998,2046.300000000003,188
b,43,85,5.200000000000003,29.100000000000023,1091.699999999997,186
b,43,90,3,18.5,505,120
b,43,95,0.8999999999999986,7.799999999999997,144.5,52
b,43,100,0.10000000000000142,1.5999999999999996,19.5,16
b,44,0,NA,NA,NA,NA
b,44,5,NA,NA,NA,NA
b,44,10,NA,NA,NA,NA
b,44,15,NA,NA,NA,NA
b,44,20,NA,NA,NA,NA
b,44,25,NA,NA,NA,NA
b,44,30,NA,NA,NA,NA
b,44,35,NA,NA,NA,NA
b,44,40,NA,NA,NA,NA
b,44,45,NA,NA,NA,NA
b,44,50,NA,NA,NA,NA
b,44,55,NA,NA,NA,NA
b,44,60,NA,NA,NA,NA
b,44,65,NA,NA,NA,NA
b,44,70,NA,NA,NA,NA
b,44,75,NA,NA,NA,NA
b,44,80,NA,NA,NA,NA
b,44,85,NA,NA,NA,NA
b,44,90,NA,NA,NA,NA
b,44,95,NA,NA,NA,NA
b,44,100,NA,NA,NA,NA
f,11,0,NA,0.40000000000000036,NA,2
f,11,5,NA,0.5999999999999996,NA,1
f,11,10,NA,0.20000000000000018,NA,1
f,11,15,NA,0.7999999999999989,NA,2
f,11,20,NA,6.399999999999999,NA,1
f,11,25,NA,12.5,NA,0
f,11,30,NA,12.8,NA,0
f,11,35,NA,16.2,NA,3
f,11,40,NA,29,NA,1
f,11,45,NA,31.000000000000007,NA,4
f,11,50,NA,19.6,NA,8
f,11,55,NA,16.5,NA,19
f,11,60,NA,19.099999999999998,NA,30
f,11,65,NA,19.900000000000002,NA,37
f,11,70,NA,22,NA,47
f,11,75,NA,22,NA,83
f,11,80,NA,22.799999999999997,NA,71
f,11,85,NA,14.200000000000001,NA,80
f,11,90,NA,3.8000000000000003,NA,82
f,11,95,NA,1.0999999999999999,NA,41
f,11,100,NA,0.1,NA,8
f,12,0,NA,0.8999999999999995,NA,2
f,12,5,NA,1.1000000000000005,NA,0
f,12,10,NA,1.299999999999999,NA,0
f,12,15,NA,3.700000000000001,NA,0
f,12,20,NA,16.6,NA,1
f,12,25,NA,30.39999999999999,NA,1
f,12,30,NA,28.999999999999993,NA,2
f,12,35,NA,31.000000000000007,NA,2
f,12,40,NA,46.49999999999999,NA,5
f,12,45,NA,60.39999999999999,NA,6
f,12,50,NA,61.599999999999994,NA,10
f,12,55,NA,50.400000000000006,NA,14
f,12,60,NA,39.199999999999996,NA,17
f,12,65,NA,36.800000000000004,NA,30
f,12,70,NA,44.300000000000004,NA,58.00000000000001
f,12,75,NA,41.699999999999996,NA,82.99999999999999
f,12,80,NA,32.1,NA,93
f,12,85,NA,21.799999999999997,NA,110
f,12,90,NA,12.999999999999998,NA,85
f,12,95,NA,4.300000000000001,NA,40
f,12,100,NA,0.7,NA,7
f,13,0,NA,1.4000000000000004,NA,0.9999999999999999
f,13,5,NA,2.5999999999999996,NA,0
f,13,10,NA,5.800000000000001,NA,0
f,13,15,NA,16.3,NA,0.9999999999999999
f,13,20,NA,56.50000000000001,NA,0.9999999999999999
f,13,25,NA,109.6,NA,0
f,13,30,NA,114.1,NA,0.9999999999999999
f,13,35,NA,108,NA,0
f,13,40,NA,125.80000000000001,NA,1.9999999999999998
f,13,45,NA,145.3,NA,0.9999999999999999
f,13,50,NA,154.70000000000002,NA,3
f,13,55,NA,128.29999999999998,NA,19
f,13,60,NA,88.5,NA,25
f,13,65,NA,59.5,NA,24
f,13,70,NA,44.89999999999999,NA,61
f,13,75,NA,39.10000000000001,NA,58
f,13,80,NA,44.900000000000006,NA,86
f,13,85,NA,43.199999999999996,NA,90
f,13,90,NA,30.200000000000003,NA,97
f,13,95,NA,11.600000000000001,NA,36
f,13,100,NA,2,NA,3
f,14,0,0,5.9,NA,0
f,14,5,0,8.100000000000001,NA,0
f,14,10,0,12.899999999999999,NA,0
f,14,15,0,27,NA,0
f,14,20,0,70.29999999999998,NA,0
f,14,25,0,109.69999999999999,NA,0.9999999999999999
f,14,30,0,87.80000000000001,NA,0.9999999999999999
f,14,35,0,67.19999999999999,NA,1.9999999999999998
f,14,40,0.1,79.70000000000002,NA,0.9999999999999999
f,14,45,0.1,102.29999999999995,NA,5
f,14,50,0.2,116.59999999999997,NA,13.000000000000002
f,14,55,0.6,99.40000000000003,NA,10
f,14,60,2.9000000000000004,65.1,NA,26.000000000000004
f,14,65,5.2,38,NA,34
f,14,70,4.800000000000001,25.000000000000014,NA,58
f,14,75,5.4,24.999999999999986,NA,86
f,14,80,8.299999999999999,34.69999999999999,NA,91
f,14,85,9.000000000000002,31.200000000000003,NA,100
f,14,90,8.200000000000001,17.300000000000004,NA,88
f,14,95,4.700000000000001,6.599999999999998,NA,44
f,14,100,1.2000000000000002,1.1999999999999997,NA,9
f,15,0,0,3.700000000000001,NA,0
f,15,5,0,5.299999999999997,NA,0
f,15,10,0,9.200000000000003,NA,0
f,15,15,0,19.9,NA,0
f,15,20,0,50.80000000000001,NA,0
f,15,25,0,76.20000000000005,NA,0
f,15,30,0,59.80000000000001,NA,1
f,15,35,0,49.20000000000002,NA,2
f,15,40,0,63.69999999999999,NA,2
f,15,45,0.09999999999999998,78.40000000000003,NA,2
f,15,50,0.30000000000000004,79.5,NA,10
f,15,55,0.5,67.5,NA,11
f,15,60,0.2999999999999998,48.80000000000001,NA,31
f,15,65,0.5999999999999996,30.19999999999999,NA,35
f,15,70,2.299999999999999,20.099999999999994,NA,57
f,15,75,4.5,18,NA,70
f,15,80,8.5,24.200000000000017,NA,91
f,15,85,9.2,26.799999999999997,NA,99
f,15,90,5.899999999999999,19.799999999999997,NA,84
f,15,95,2.5,8.5,NA,41
f,15,100,0.5,1.7000000000000002,NA,8
f,16,0,0,6.5,NA,3
f,16,5,0,8.5,NA,0
f,16,10,0,13.5,NA,0
f,16,15,0,24.400000000000006,NA,0
f,16,20,0,47.60000000000002,NA,1
f,16,25,0,65.29999999999995,NA,0
f,16,30,0,59,NA,1
f,16,35,0.1,52.89999999999998,NA,2
f,16,40,0.1,62.19999999999999,NA,5
f,16,45,0.10000000000000003,70.69999999999999,NA,3
f,16,50,0.30000000000000004,71,NA,6
f,16,55,0.5999999999999999,57,NA,18
f,16,60,1.2999999999999998,37,NA,22
f,16,65,1.6999999999999993,24,NA,31
f,16,70,1.5,21.900000000000006,NA,59
f,16,75,1.5,24.100000000000023,NA,78.00000000000001
f,16,80,1.9000000000000021,30.69999999999999,NA,74
f,16,85,5.099999999999998,29.400000000000006,NA,88
f,16,90,8.8,18,NA,82
f,16,95,6.199999999999999,6.100000000000001,NA,52
f,16,100,1.7999999999999998,0.9000000000000004,NA,12
f,17,0,0,11.799999999999997,NA,3
f,17,5,0,13.200000000000003,NA,0
f,17,10,0,18.199999999999996,NA,1
f,17,15,0,26.799999999999983,NA,2
f,17,20,0,40.799999999999955,NA,1
f,17,25,0,52.200000000000045,NA,1
f,17,30,0,52.599999999999966,NA,1
f,17,35,0,47.400000000000034,NA,2
f,17,40,0,47.39999999999998,NA,4
f,17,45,0,46.60000000000002,NA,9
f,17,50,-0.10000000000000009,48.5,NA,4
f,17,55,0,44.39999999999998,NA,20
f,17,60,0.6000000000000005,32.69999999999999,NA,15
f,17,65,1.4000000000000004,19.400000000000006,NA,33
f,17,70,1.6000000000000014,11.599999999999994,NA,62
f,17,75,2.3999999999999986,10.399999999999977,NA,84
f,17,80,4.399999999999999,15.900000000000006,NA,74
f,17,85,5.600000000000001,18.099999999999994,NA,75
f,17,90,5.699999999999999,12.899999999999991,NA,96
f,17,95,3.3000000000000007,5.100000000000001,NA,41
f,17,100,0.9000000000000004,1,NA,14
f,18,0,0,12.700000000000003,NA,3
f,18,5,0,13.199999999999996,NA,0
f,18,10,0,16.799999999999997,NA,0
f,18,15,0,23.200000000000017,NA,0
f,18,20,0,35.10000000000002,NA,0
f,18,25,0,43.89999999999998,NA,1
f,18,30,0,42.60000000000002,NA,2
f,18,35,0,38.39999999999998,NA,2
f,18,40,0,40.30000000000007,NA,3
f,18,45,0.09999999999999998,44.69999999999993,NA,4
f,18,50,0.30000000000000004,50.10000000000002,NA,7
f,18,55,0.5,42,NA,8
f,18,60,0.5,25.5,NA,20
f,18,65,0.5,16.5,NA,26
f,18,70,0.8000000000000007,16.400000000000006,NA,42
f,18,75,1.1999999999999993,15.600000000000023,NA,77
f,18,80,1.8999999999999986,13.900000000000006,NA,82
f,18,85,4.200000000000003,9.099999999999994,NA,87
f,18,90,6.799999999999997,3.5,NA,105
f,18,95,4.699999999999999,0.5,NA,40
f,18,100,1.3999999999999995,-0.10000000000000053,NA,10
f,19,0,0,9.199999999999996,NA,1
f,19,5,0,8.900000000000006,NA,0
f,19,10,0,9.700000000000003,NA,0
f,19,15,0,12.299999999999983,NA,1
f,19,20,0,18.100000000000023,NA,2
f,19,25,0,22.899999999999977,NA,0
f,19,30,0,22.80000000000001,NA,2
f,19,35,0,18.30000000000001,NA,0
f,19,40,0,15,NA,2
f,19,45,0.09999999999999998,17,NA,7
f,19,50,0,25.5,NA,11
f,19,55,-0.09999999999999964,23.399999999999977,NA,11
f,19,60,-0.8000000000000007,12.5,NA,19
f,19,65,-1.1999999999999993,6.600000000000023,NA,26
f,19,70,0.5,6.299999999999983,NA,45
f,19,75,1.5,6.599999999999994,NA,72
f,19,80,1.8000000000000043,6.699999999999989,NA,76
f,19,85,2.1999999999999957,5.300000000000011,NA,96
f,19,90,1.6000000000000014,2.8000000000000114,NA,87
f,19,95,0.3999999999999986,1,NA,31
f,19,100,-0.09999999999999964,0.20000000000000018,NA,6
f,20,0,0,5.200000000000003,NA,1
f,20,5,0,5.700000000000003,NA,0
f,20,10,0,8.299999999999997,NA,0
f,20,15,0,12.800000000000011,NA,1
f,20,20,0,22.19999999999999,NA,1
f,20,25,0,28.800000000000068,NA,1
f,20,30,0,22.099999999999966,NA,0
f,20,35,0,15.899999999999977,NA,1
f,20,40,0,16,NA,0
f,20,45,-0.09999999999999998,17,NA,5
f,20,50,0,17.200000000000045,NA,10
f,20,55,0.09999999999999964,15.800000000000068,NA,10
f,20,60,0.3000000000000007,12.199999999999989,NA,18
f,20,65,0.6999999999999993,7.7999999999999545,NA,28
f,20,70,0.29999999999999716,5,NA,50
f,20,75,0.7000000000000028,4,NA,57.99999999999999
f,20,80,2.3999999999999986,4.599999999999994,NA,77
f,20,85,2.6000000000000014,4.300000000000011,NA,85
f,20,90,1.3999999999999986,2.799999999999997,NA,69
f,20,95,0.6000000000000014,1.1000000000000014,NA,32
f,20,100,0.20000000000000018,0.20000000000000018,NA,8
f,21,0,0,4.799999999999997,NA,1
f,21,5,0,4.199999999999989,NA,0
f,21,10,0,4.300000000000011,NA,1
f,21,15,0,5.699999999999989,NA,1
f,21,20,0,10.300000000000011,NA,0
f,21,25,0,12.799999999999955,NA,2
f,21,30,0,9.600000000000023,NA,3
f,21,35,0,7.400000000000034,NA,2
f,21,40,0,8.599999999999909,NA,1
f,21,45,0,10.400000000000091,NA,4
f,21,50,0,11,NA,5
f,21,55,0,8,NA,11
f,21,60,0,4.300000000000011,NA,24
f,21,65,0,2.7000000000000455,NA,25
f,21,70,0.40000000000000213,3.0999999999999943,NA,53
f,21,75,0.5999999999999979,4,NA,67
f,21,80,0.6000000000000014,5.200000000000017,NA,66
f,21,85,0.3999999999999986,3.799999999999983,NA,85
f,21,90,0.10000000000000142,1.5,NA,88
f,21,95,-0.10000000000000142,0.3999999999999986,NA,38
f,21,100,-0.10000000000000053,0.09999999999999964,NA,8
f,22,0,0,6.700000000000003,NA,1
f,22,5,0,6.400000000000006,NA,0
f,22,10,0,7.5,NA,0
f,22,15,0,10.5,NA,0
f,22,20,0,18.099999999999966,NA,0
f,22,25,0,22.799999999999955,NA,1
f,22,30,0,17.799999999999955,NA,0
f,22,35,0,13.099999999999966,NA,1
f,22,40,0,12.900000000000091,NA,2
f,22,45,0,15.099999999999909,NA,2
f,22,50,0,18.799999999999955,NA,9
f,22,55,0,18.199999999999932,NA,12
f,22,60,0.09999999999999964,13.300000000000011,NA,23
f,22,65,0.3000000000000007,9.699999999999989,NA,39
f,22,70,0.1999999999999993,8.900000000000006,NA,51
f,22,75,0.8000000000000007,7.099999999999994,NA,69
f,22,80,2.5999999999999943,4.799999999999983,NA,77
f,22,85,3.3999999999999986,3.200000000000017,NA,83
f,22,90,2.200000000000003,2.1000000000000085,NA,60
f,22,95,0.8000000000000007,0.7999999999999972,NA,41
f,22,100,0.10000000000000053,0.09999999999999964,NA,12
f,23,0,0,6.700000000000003,NA,0
f,23,5,0,5.299999999999997,NA,0
f,23,10,0,4.799999999999997,NA,0
f,23,15,0,5.100000000000023,NA,0
f,23,20,0,7.300000000000011,NA,2
f,23,25,0,11.700000000000045,NA,2
f,23,30,0,14.100000000000023,NA,0
f,23,35,0,12,NA,2
f,23,40,0,9.199999999999932,NA,2
f,23,45,0,7.800000000000068,NA,4
f,23,50,0,10,NA,10
f,23,55,0,10,NA,14
f,23,60,0.20000000000000018,7.199999999999989,NA,26
f,23,65,0.40000000000000036,4.800000000000011,NA,32
f,23,70,0.10000000000000142,4.300000000000011,NA,40
f,23,75,-0.10000000000000142,4.699999999999989,NA,62
f,23,80,-0.09999999999999432,5.5,NA,73
f,23,85,0,3.5,NA,74
f,23,90,0.3999999999999986,0.5,NA,73
f,23,95,0.40000000000000213,-0.3999999999999986,NA,35
f,23,100,0.1999999999999993,-0.1999999999999993,NA,10
f,24,0,0,2.200000000000003,NA,0.9999999999999999
f,24,5,0,1.7999999999999972,NA,0
f,24,10,0,1.7000000000000028,NA,0
f,24,15,0,2.3999999999999773,NA,0
f,24,20,0,5.100000000000023,NA,0
f,24,25,0,6.899999999999977,NA,0.9999999999999999
f,24,30,0,5.5,NA,0.9999999999999999
f,24,35,0,5.400000000000034,NA,0.9999999999999999
f,24,40,0,8.399999999999977,NA,5
f,24,45,0,10.600000000000023,NA,5
f,24,50,0,10.299999999999955,NA,7
f,24,55,0,7.800000000000068,NA,12
f,24,60,0.09999999999999964,5.600000000000023,NA,15.999999999999998
f,24,65,-0.10000000000000142,4.399999999999977,NA,26
f,24,70,0,3.9000000000000057,NA,49
f,24,75,0,3.1000000000000227,NA,55
f,24,80,0.3999999999999986,2,NA,87
f,24,85,0.7000000000000028,1,NA,78
f,24,90,0.6000000000000014,0.5999999999999943,NA,82
f,24,95,0.29999999999999716,0.3999999999999986,NA,42
f,24,100,0,0.09999999999999964,NA,10
f,25,0,0,5.299999999999997,NA,2
f,25,5,0,6.6000000000000085,NA,1
f,25,10,0,9.599999999999994,NA,0
f,25,15,0,13.300000000000011,NA,0
f,25,20,0,17.299999999999955,NA,2
f,25,25,0,16.700000000000045,NA,0
f,25,30,0,13.899999999999977,NA,1
f,25,35,0,13.100000000000023,NA,1
f,25,40,0,15.300000000000068,NA,2
f,25,45,0,15.699999999999932,NA,6
f,25,50,0,12.800000000000068,NA,11
f,25,55,0,8.099999999999909,NA,8
f,25,60,0,5.699999999999989,NA,23
f,25,65,0,7.199999999999989,NA,27
f,25,70,0,10.199999999999989,NA,34
f,25,75,0,9.799999999999983,NA,72
f,25,80,-0.10000000000000142,6.700000000000017,NA,81
f,25,85,0,3.299999999999983,NA,84
f,25,90,0.10000000000000142,1.5,NA,77
f,25,95,-0.09999999999999787,0.3999999999999986,NA,31
f,25,100,0,0.09999999999999964,NA,8
f,26,0,0,1.7999999999999972,NA,3
f,26,5,0,2.299999999999997,NA,0
f,26,10,0,3.5,NA,0
f,26,15,0,4.599999999999994,NA,0
f,26,20,0,5.5,NA,0
f,26,25,0,6.5,NA,0
f,26,30,0,6.900000000000091,NA,0
f,26,35,0,5.199999999999932,NA,1
f,26,40,0,3,NA,2
f,26,45,0,2.1000000000000227,NA,1
f,26,50,0,3.3999999999999773,NA,7
f,26,55,0,3.6000000000000227,NA,12
f,26,60,0,2.6999999999999886,NA,14
f,26,65,0,2.3000000000000114,NA,30.999999999999996
f,26,70,-0.10000000000000142,2.3999999999999773,NA,52
f,26,75,0.10000000000000142,1.5999999999999943,NA,59
f,26,80,0.5,0.5,NA,94
f,26,85,0.5,0.5,NA,86
f,26,90,0.09999999999999432,1.1999999999999886,NA,70
f,26,95,0,0.7000000000000028,NA,40
f,26,100,-0.09999999999999964,0.10000000000000142,NA,10
f,27,0,0,1,NA,4
f,27,5,0,2,NA,0
f,27,10,0,3.6999999999999886,NA,0
f,27,15,0,6.300000000000011,NA,0
f,27,20,0,10.5,NA,2
f,27,25,0,11.5,NA,0
f,27,30,0,6.5,NA,1
f,27,35,0,3.3999999999999773,NA,3
f,27,40,0,3.699999999999932,NA,1
f,27,45,0,6.2000000000000455,NA,6
f,27,50,0,8.899999999999977,NA,8
f,27,55,0,7.2000000000000455,NA,16
f,27,60,-0.09999999999999964,3.8000000000000114,NA,17
f,27,65,0.10000000000000142,2.3000000000000114,NA,36
f,27,70,0.3999999999999986,2,NA,48
f,27,75,0.6000000000000014,1,NA,68
f,27,80,0.10000000000000142,-0.10000000000002274,NA,70
f,27,85,0,0.09999999999999432,NA,82
f,27,90,0.4000000000000057,1,NA,75
f,27,95,0.3999999999999986,0.7999999999999972,NA,45
f,27,100,0.20000000000000018,0.1999999999999993,NA,8
f,28,0,0,3.0999999999999943,NA,0.9999999999999999
f,28,5,0,4.900000000000006,NA,0
f,28,10,0,7.900000000000006,NA,0.9999999999999999
f,28,15,0,11,NA,0
f,28,20,0,12.600000000000023,NA,0.9999999999999999
f,28,25,0,9.399999999999977,NA,0.9999999999999999
f,28,30,0,8.299999999999955,NA,0
f,28,35,0,8.700000000000045,NA,1.9999999999999998
f,28,40,0,9.700000000000045,NA,0.9999999999999999
f,28,45,0,10.299999999999955,NA,0
f,28,50,0,9.899999999999977,NA,6
f,28,55,0,7,NA,15
f,28,60,0,3.3999999999999773,NA,17
f,28,65,0,2.5,NA,37
f,28,70,0.5,3.400000000000034,NA,50
f,28,75,0.5,2.6000000000000227,NA,63.99999999999999
f,28,80,0.10000000000000142,1.1000000000000227,NA,79
f,28,85,-0.10000000000000142,2,NA,81
f,28,90,0,3,NA,80
f,28,95,0,1.6000000000000014,NA,33
f,28,100,0,0.40000000000000036,NA,10
f,29,0,0,3.8000000000000114,NA,2
f,29,5,0,6.099999999999994,NA,0
f,29,10,0,10.200000000000017,NA,0
f,29,15,0,14.900000000000006,NA,0
f,29,20,0,18.899999999999977,NA,2
f,29,25,0,13.200000000000045,NA,1
f,29,30,0,5.5,NA,1
f,29,35,0,7.5,NA,1
f,29,40,0,16.600000000000023,NA,4
f,29,45,0,20.399999999999977,NA,4
f,29,50,0,14.800000000000068,NA,5
f,29,55,0,10.199999999999932,NA,16
f,29,60,0,9.5,NA,11
f,29,65,0,6.5,NA,28
f,29,70,0.40000000000000213,2.8000000000000114,NA,52
f,29,75,0.5999999999999979,1.1999999999999886,NA,46
f,29,80,0.09999999999999432,1.1999999999999886,NA,89
f,29,85,-0.19999999999999574,0.700000000000017,NA,92
f,29,90,0,0,NA,69
f,29,95,0,0,NA,53
f,29,100,0,0,NA,10
f,30,0,0,1.3999999999999915,NA,4
f,30,5,0,3.700000000000003,NA,0
f,30,10,0,7.399999999999977,NA,0
f,30,15,0,12.599999999999966,NA,1
f,30,20,0,20.300000000000068,NA,0
f,30,25,0,22.699999999999932,NA,1
f,30,30,0,16.600000000000023,NA,2
f,30,35,0,13.399999999999977,NA,2
f,30,40,0,14.600000000000023,NA,2
f,30,45,0,13.399999999999977,NA,5
f,30,50,0,8.100000000000023,NA,5
f,30,55,0,4.900000000000091,NA,14
f,30,60,0,4.900000000000034,NA,23
f,30,65,0,6.099999999999966,NA,28
f,30,70,0,7.399999999999977,NA,44
f,30,75,0,5.599999999999994,NA,62.00000000000001
f,30,80,-0.09999999999999432,2,NA,74
f,30,85,0.09999999999999432,0,NA,79
f,30,90,0.3999999999999986,0.09999999999999432,NA,62.00000000000001
f,30,95,0.40000000000000213,-0.10000000000000142,NA,41
f,30,100,0.09999999999999964,0,NA,10
f,31,0,0,2,NA,0
f,31,5,0,11.899999999999991,NA,0
f,31,10,0,27,NA,0
f,31,15,0,41.900000000000034,NA,0
f,31,20,0,49.89999999999998,NA,2
f,31,25,0,39.10000000000002,NA,0
f,31,30,0,26.899999999999977,NA,0
f,31,35,0,20.100000000000023,NA,1
f,31,40,0,18.299999999999955,NA,5
f,31,45,0,23.800000000000068,NA,6
f,31,50,0,33.799999999999955,NA,10
f,31,55,0,25.199999999999932,NA,17
f,31,60,0,8.199999999999989,NA,23
f,31,65,0,3.8000000000000114,NA,37
f,31,70,0,6.699999999999989,NA,53
f,31,75,0,6.299999999999983,NA,60
f,31,80,0.5,2.6999999999999886,NA,62
f,31,85,0.5,0.4000000000000057,NA,82
f,31,90,0.10000000000000142,0.4000000000000057,NA,82
f,31,95,0,0.5,NA,40
f,31,100,0,0.09999999999999964,NA,9
f,32,0,0,7,NA,2
f,32,5,0,17.099999999999994,NA,0
f,32,10,0,34.20000000000002,NA,0
f,32,15,0,51.89999999999998,NA,1
f,32,20,0,63.299999999999955,NA,1
f,32,25,0,50.60000000000002,NA,2
f,32,30,0,32.299999999999955,NA,2
f,32,35,-0.1,25.700000000000045,NA,0
f,32,40,-0.2,28.700000000000045,NA,0
f,32,45,-0.5,33.19999999999993,NA,4
f,32,50,0.19999999999999996,33.39999999999998,NA,4
f,32,55,0.7000000000000002,20.600000000000023,NA,13
f,32,60,0,6.899999999999977,NA,25
f,32,65,0,4,NA,33
f,32,70,0.3999999999999986,6.400000000000034,NA,46
f,32,75,0.6000000000000014,5.600000000000023,NA,69
f,32,80,0.5,1.900000000000034,NA,77
f,32,85,0.5,0,NA,92
f,32,90,0.5999999999999943,0.4000000000000057,NA,68
f,32,95,0.29999999999999716,0.20000000000000284,NA,39
f,32,100,0.10000000000000053,0.09999999999999964,NA,7
f,33,0,0,14.600000000000009,NA,3
f,33,5,0,18.400000000000006,NA,0
f,33,10,0,26.099999999999994,NA,0
f,33,15,0,33.900000000000034,NA,0
f,33,20,0,40.5,NA,1
f,33,25,0,33.5,NA,1
f,33,30,0,20.800000000000068,NA,2
f,33,35,0,15.199999999999932,NA,1
f,33,40,0,15.5,NA,6
f,33,45,0,17.5,NA,4
f,33,50,0,19.800000000000068,NA,10
f,33,55,0,17.200000000000045,NA,13
f,33,60,0,11.300000000000011,NA,21
f,33,65,0,6.800000000000011,NA,20
f,33,70,0,4.5,NA,64
f,33,75,0,2.5,NA,63
f,33,80,0,1.1999999999999886,NA,73
f,33,85,0,0.799999999999983,NA,76
f,33,90,0,0.8000000000000114,NA,77
f,33,95,0,0.3999999999999986,NA,37
f,33,100,0,0.09999999999999964,NA,14
f,34,0,0,2.1999999999999886,NA,3
f,34,5,0,5.800000000000011,NA,0
f,34,10,0,12.5,NA,0
f,34,15,0,23.399999999999977,NA,0
f,34,20,0,40,NA,1
f,34,25,0,42,NA,2
f,34,30,0,26.199999999999932,NA,1
f,34,35,0,17.800000000000068,NA,2
f,34,40,0,19.199999999999932,NA,1
f,34,45,0,19.800000000000068,NA,4
f,34,50,0,16,NA,7
f,34,55,0,12,NA,8
f,34,60,-0.10000000000000053,9.199999999999989,NA,27
f,34,65,0.09999999999999964,6.800000000000011,NA,33
f,34,70,0.5,5.2999999999999545,NA,42
f,34,75,0.5,3.6999999999999886,NA,60
f,34,80,0.09999999999999432,2.3999999999999773,NA,67
f,34,85,-0.09999999999999432,1.5999999999999943,NA,92
f,34,90,0,1.1999999999999886,NA,76
f,34,95,0,0.7000000000000028,NA,34
f,34,100,0,0.10000000000000142,NA,9
f,35,0,0,6.700000000000017,NA,2
f,35,5,0,12.299999999999983,NA,0
f,35,10,0,23.600000000000023,NA,0
f,35,15,0,40.5,NA,1
f,35,20,0,66.60000000000002,NA,0
f,35,25,0,73.39999999999998,NA,4
f,35,30,0,51.90000000000009,NA,2
f,35,35,0,40.09999999999991,NA,2
f,35,40,0,44.60000000000002,NA,4
f,35,45,0,44.39999999999998,NA,3
f,35,50,0,36.09999999999991,NA,9
f,35,55,0,29.899999999999977,NA,20
f,35,60,0,25.600000000000023,NA,22
f,35,65,0,17.399999999999977,NA,34
f,35,70,-0.09999999999999787,10.600000000000023,NA,56
f,35,75,0.09999999999999787,6.400000000000034,NA,53
f,35,80,0.5,5.100000000000023,NA,63
f,35,85,0.5,2.9000000000000057,NA,79
f,35,90,0.10000000000000142,0.8000000000000114,NA,83
f,35,95,-0.09999999999999787,0.10000000000000142,NA,33
f,35,100,-0.10000000000000053,0,NA,10
f,36,0,0,20.899999999999977,NA,0
f,36,5,0,43.10000000000002,NA,0
f,36,10,0,82.09999999999997,NA,0
f,36,15,0,113.89999999999998,NA,0
f,36,20,0,121.5,NA,1
f,36,25,0,97.5,NA,0
f,36,30,0,77.69999999999993,NA,0
f,36,35,0,69.30000000000007,NA,1
f,36,40,0,73.70000000000005,NA,4
f,36,45,0,82.29999999999995,NA,6
f,36,50,0,91.40000000000009,NA,8
f,36,55,0,76.60000000000002,NA,11
f,36,60,0,48.5,NA,22
f,36,65,0,30.5,NA,36
f,36,70,0,24,NA,54
f,36,75,0,18,NA,73
f,36,80,0,12.599999999999966,NA,85
f,36,85,0,7.5,NA,76
f,36,90,-0.10000000000000142,3.6999999999999886,NA,98
f,36,95,0.09999999999999787,1.1999999999999957,NA,36
f,36,100,0.10000000000000053,0.1999999999999993,NA,9
f,37,0,0,14.200000000000017,NA,2
f,37,5,0,39.80000000000001,NA,0
f,37,10,0,89.69999999999999,NA,1
f,37,15,0,147.20000000000005,NA,1
f,37,20,0,196.0999999999999,NA,0
f,37,25,0,175.9000000000001,NA,1
f,37,30,0,114.39999999999998,NA,2
f,37,35,0,91.60000000000002,NA,2
f,37,40,0,112.29999999999995,NA,1
f,37,45,0,131.70000000000005,NA,2
f,37,50,0,126.20000000000005,NA,10
f,37,55,0,91.79999999999995,NA,14
f,37,60,0,57.200000000000045,NA,15
f,37,65,0,39.80000000000001,NA,25
f,37,70,0.5,35.19999999999999,NA,40
f,37,75,0.5,27.899999999999977,NA,65
f,37,80,0,19.5,NA,72
f,37,85,0,11.400000000000006,NA,81
f,37,90,0.5,6.199999999999989,NA,72
f,37,95,0.40000000000000213,2.3999999999999986,NA,43
f,37,100,0.09999999999999964,0.40000000000000036,NA,7
f,38,0,0,30.69999999999999,NA,4
f,38,5,0,63.299999999999955,NA,1
f,38,10,0,125.80000000000007,NA,1
f,38,15,0,189.19999999999993,NA,0
f,38,20,0,229.5,NA,0
f,38,25,0,192.39999999999986,NA,0
f,38,30,0,126.10000000000014,NA,0
f,38,35,0,106.89999999999998,NA,3
f,38,40,0,132,NA,1
f,38,45,0,145,NA,0
f,38,50,0,128.89999999999986,NA,8
f,38,55,0,101.20000000000005,NA,14
f,38,60,0,76.09999999999991,NA,18
f,38,65,0,54.80000000000001,NA,26
f,38,70,0.3999999999999986,42.400000000000034,NA,48
f,38,75,0.6000000000000014,28.5,NA,70
f,38,80,0.4000000000000057,18.5,NA,89
f,38,85,0.6999999999999957,12.600000000000023,NA,90
f,38,90,1.6000000000000014,8.600000000000023,NA,95
f,38,95,1,3.6000000000000014,NA,42
f,38,100,0.2999999999999998,0.6999999999999993,NA,10
f,39,0,0,32.400000000000006,NA,0.9999999999999999
f,39,5,0,67.60000000000002,NA,0
f,39,10,0,132.0999999999999,NA,0
f,39,15,0,176,NA,0
f,39,20,0,170.70000000000005,NA,0
f,39,25,0,123.40000000000009,NA,0.9999999999999999
f,39,30,0,90.09999999999991,NA,0.9999999999999999
f,39,35,0,86.89999999999998,NA,0.9999999999999999
f,39,40,0,109.79999999999995,NA,1.9999999999999998
f,39,45,0,124.20000000000005,NA,3
f,39,50,0.30000000000000004,115.60000000000014,NA,9
f,39,55,0.7000000000000002,84.39999999999986,NA,15.000000000000002
f,39,60,0.5,54.200000000000045,NA,19
f,39,65,0.5,39.80000000000001,NA,39
f,39,70,0.10000000000000142,36.099999999999966,NA,45
f,39,75,-0.10000000000000142,25.899999999999977,NA,59
f,39,80,0.29999999999999716,13.600000000000023,NA,74
f,39,85,0.7000000000000028,5.2999999999999545,NA,93
f,39,90,0.20000000000000284,2.5999999999999943,NA,70
f,39,95,-0.10000000000000142,1.3000000000000043,NA,35
f,39,100,-0.09999999999999964,0.3000000000000007,NA,7
f,40,0,0,23.80000000000001,NA,2
f,40,5,0,46.19999999999999,NA,0
f,40,10,0,87.60000000000002,NA,0
f,40,15,0,125.29999999999995,NA,0
f,40,20,0,145.29999999999995,NA,1
f,40,25,0,122.59999999999991,NA,0
f,40,30,0,83.70000000000005,NA,1
f,40,35,0,71.29999999999995,NA,2
f,40,40,0,89.79999999999995,NA,3
f,40,45,0,109.20000000000005,NA,1
f,40,50,0,110.19999999999982,NA,9
f,40,55,0,81.80000000000018,NA,12
f,40,60,0,50.700000000000045,NA,20
f,40,65,0,37.299999999999955,NA,34
f,40,70,-0.10000000000000142,35.69999999999999,NA,38
f,40,75,0.10000000000000142,27.30000000000001,NA,69
f,40,80,0.7999999999999972,16.80000000000001,NA,85
f,40,85,1.1999999999999957,9.200000000000045,NA,83
f,40,90,1.3999999999999986,5,NA,70
f,40,95,1.1999999999999993,1.5999999999999943,NA,46
f,40,100,0.39999999999999947,0.29999999999999893,NA,13
f,41,0,0,35.89999999999998,NA,3
f,41,5,0,59.10000000000002,NA,0
f,41,10,0,99.70000000000005,NA,1
f,41,15,0,132.30000000000018,NA,0
f,41,20,0,155.4000000000001,NA,1
f,41,25,0,145.60000000000014,NA,0
f,41,30,0,107.70000000000005,NA,1
f,41,35,0,83.29999999999995,NA,1
f,41,40,0,84.5,NA,1
f,41,45,0,95.5,NA,4
f,41,50,0,107.70000000000005,NA,5
f,41,55,0,91.29999999999995,NA,13
f,41,60,0.40000000000000036,64.19999999999993,NA,17
f,41,65,0.5999999999999996,53.700000000000045,NA,36
f,41,70,0.6000000000000014,56.5,NA,51
f,41,75,0.3999999999999986,44.400000000000034,NA,56
f,41,80,0.4000000000000057,26.899999999999977,NA,61.00000000000001
f,41,85,0.6000000000000014,13.199999999999989,NA,89
f,41,90,0.8999999999999986,5.900000000000006,NA,81
f,41,95,0.8000000000000043,1.9000000000000057,NA,34
f,41,100,0.3000000000000007,0.3000000000000007,NA,6
f,42,0,0,35.80000000000001,NA,2
f,42,5,0,90.19999999999999,NA,0
f,42,10,0,194.89999999999998,NA,0
f,42,15,0,275.1999999999998,NA,0
f,42,20,0,295.9000000000001,NA,1
f,42,25,0,267.1999999999998,NA,0
f,42,30,0,218,NA,1
f,42,35,0,180,NA,5
f,42,40,0,178.5,NA,2
f,42,45,0,197.5,NA,2
f,42,50,0.40000000000000013,221.9000000000001,NA,10
f,42,55,0.5999999999999996,174,NA,17
f,42,60,0.09999999999999964,99.60000000000002,NA,21
f,42,65,-0.09999999999999964,68.5,NA,28
f,42,70,0.3999999999999986,65.80000000000007,NA,47
f,42,75,0.6000000000000014,46.19999999999999,NA,76
f,42,80,1,22.69999999999999,NA,68
f,42,85,0.8999999999999986,12.199999999999989,NA,80
f,42,90,0.5,9.899999999999977,NA,64
f,42,95,0.3999999999999986,4.8999999999999915,NA,33
f,42,100,0.1999999999999993,1,NA,9
f,43,0,0,57.69999999999999,NA,0
f,43,5,0,135.29999999999995,NA,0
f,43,10,0,282,NA,0.9999999999999999
f,43,15,0,375.9000000000001,NA,0
f,43,20,0,367.9000000000001,NA,0
f,43,25,0,302.0999999999999,NA,0
f,43,30,0,245.29999999999995,NA,0
f,43,35,0,226.70000000000005,NA,0.9999999999999999
f,43,40,0,255,NA,0
f,43,45,0,266.9000000000001,NA,7
f,43,50,0.2999999999999998,248.60000000000014,NA,15
f,43,55,0.7000000000000002,192.39999999999986,NA,13
f,43,60,0.20000000000000107,129.9000000000001,NA,26
f,43,65,-0.20000000000000107,89,NA,24
f,43,70,-0.10000000000000142,68.39999999999998,NA,39
f,43,75,0.10000000000000142,42.599999999999966,NA,67
f,43,80,1.1999999999999957,24.100000000000023,NA,87
f,43,85,1.9000000000000057,16,NA,105
f,43,90,1.3999999999999986,12.400000000000006,NA,70
f,43,95,0.6000000000000014,6.200000000000003,NA,35
f,43,100,0,1.4000000000000004,NA,11
f,44,0,NA,NA,NA,NA
f,44,5,NA,NA,NA,NA
f,44,10,NA,NA,NA,NA
f,44,15,NA,NA,NA,NA
f,44,20,NA,NA,NA,NA
f,44,25,NA,NA,NA,NA
f,44,30,NA,NA,NA,NA
f,44,35,NA,NA,NA,NA
f,44,40,NA,NA,NA,NA
f,44,45,NA,NA,NA,NA
f,44,50,NA,NA,NA,NA
f,44,55,NA,NA,NA,NA
f,44,60,NA,NA,NA,NA
f,44,65,NA,NA,NA,NA
f,44,70,NA,NA,NA,NA
f,44,75,NA,NA,NA,NA
f,44,80,NA,NA,NA,NA
f,44,85,NA,NA,NA,NA
f,44,90,NA,NA,NA,NA
f,44,95,NA,NA,NA,NA
f,44,100,NA,NA,NA,NA
m,11,0,NA,0,NA,2
m,11,5,NA,0,NA,0
m,11,10,NA,0.20000000000000018,NA,1
m,11,15,NA,0.6999999999999993,NA,0
m,11,20,NA,2.3000000000000007,NA,1
m,11,25,NA,5.799999999999997,NA,3
m,11,30,NA,8.899999999999999,NA,1
m,11,35,NA,12.100000000000001,NA,6
m,11,40,NA,19.69999999999999,NA,4
m,11,45,NA,22.30000000000001,NA,7
m,11,50,NA,19.89999999999999,NA,9
m,11,55,NA,22,NA,16
m,11,60,NA,26.4,NA,34
m,11,65,NA,28.6,NA,68
m,11,70,NA,32.400000000000006,NA,78
m,11,75,NA,29.599999999999998,NA,86
m,11,80,NA,26.4,NA,86
m,11,85,NA,16.6,NA,90
m,11,90,NA,5.6,NA,39
m,11,95,NA,1.3,NA,11
m,11,100,NA,0.09999999999999998,NA,3
m,12,0,NA,1.1,NA,0
m,12,5,NA,1.9,NA,1
m,12,10,NA,2.2,NA,2
m,12,15,NA,3.8000000000000007,NA,1
m,12,20,NA,8.399999999999999,NA,0
m,12,25,NA,14.599999999999994,NA,1
m,12,30,NA,18.1,NA,2
m,12,35,NA,17.9,NA,2
m,12,40,NA,17.200000000000017,NA,7
m,12,45,NA,33.900000000000006,NA,5
m,12,50,NA,58.89999999999999,NA,13
m,12,55,NA,57.099999999999994,NA,18
m,12,60,NA,47,NA,36
m,12,65,NA,51,NA,56
m,12,70,NA,71.69999999999999,NA,76
m,12,75,NA,65.30000000000001,NA,95
m,12,80,NA,42.50000000000001,NA,98.00000000000001
m,12,85,NA,19.5,NA,100
m,12,90,NA,5.3999999999999995,NA,46.99999999999999
m,12,95,NA,0.6000000000000001,NA,13
m,12,100,NA,0,NA,1
m,13,0,NA,5.300000000000001,NA,1
m,13,5,NA,6.699999999999999,NA,0
m,13,10,NA,8.5,NA,0
m,13,15,NA,13.5,NA,1
m,13,20,NA,25.6,NA,1
m,13,25,NA,37.400000000000006,NA,0
m,13,30,NA,39.39999999999999,NA,0
m,13,35,NA,43.5,NA,3
m,13,40,NA,60.79999999999998,NA,3
m,13,45,NA,73.19999999999999,NA,10
m,13,50,NA,76.4,NA,12
m,13,55,NA,75.60000000000001,NA,17
m,13,60,NA,73.9,NA,28
m,13,65,NA,64.1,NA,52.99999999999999
m,13,70,NA,54.2,NA,80
m,13,75,NA,40.8,NA,96
m,13,80,NA,33,NA,110.99999999999999
m,13,85,NA,20,NA,100
m,13,90,NA,6.799999999999999,NA,68
m,13,95,NA,1.1999999999999997,NA,16
m,13,100,NA,0.10000000000000003,NA,2
m,14,0,0,8.5,NA,3
m,14,5,0,9.6,NA,0
m,14,10,0,12.5,NA,0
m,14,15,0,19.400000000000002,NA,0
m,14,20,0,37.400000000000006,NA,3
m,14,25,0,54.5,NA,3
m,14,30,0,52.70000000000002,NA,1
m,14,35,0,44.3,NA,1
m,14,40,0,39.30000000000001,NA,4
m,14,45,0,41.69999999999999,NA,14
m,14,50,0.30000000000000004,57.29999999999998,NA,10
m,14,55,0.7999999999999998,60.70000000000002,NA,22
m,14,60,2,51.79999999999998,NA,31
m,14,65,4.199999999999999,41.099999999999994,NA,52
m,14,70,9.299999999999997,36.099999999999994,NA,92
m,14,75,11.100000000000001,26.80000000000001,NA,111
m,14,80,8.8,19,NA,103
m,14,85,6.699999999999999,14.100000000000001,NA,81
m,14,90,4.6,9.600000000000001,NA,44
m,14,95,1.4000000000000004,2.9,NA,11
m,14,100,0.19999999999999996,0.4,NA,1
m,15,0,0,3.700000000000001,NA,2
m,15,5,0,5.199999999999999,NA,0
m,15,10,0,8.8,NA,0
m,15,15,0,15.299999999999997,NA,0
m,15,20,0,28.900000000000006,NA,1
m,15,25,0,38.099999999999994,NA,1
m,15,30,0.1,31.69999999999999,NA,2
m,15,35,0,27.30000000000001,NA,1
m,15,40,0.09999999999999998,31.99999999999997,NA,5
m,15,45,0.30000000000000004,32.900000000000034,NA,10
m,15,50,0.5,29.700000000000045,NA,7
m,15,55,1.1,29.299999999999955,NA,19
m,15,60,2.0999999999999996,31,NA,33
m,15,65,3.6999999999999993,27,NA,56
m,15,70,7.300000000000004,22.700000000000017,NA,92
m,15,75,9.299999999999997,20.399999999999977,NA,96
m,15,80,8.799999999999997,22.099999999999994,NA,111
m,15,85,5.799999999999997,17.799999999999997,NA,91
m,15,90,2.3999999999999986,9.200000000000003,NA,58
m,15,95,0.39999999999999947,2.500000000000001,NA,15
m,15,100,0,0.3999999999999999,NA,0
m,16,0,0,5,NA,3
m,16,5,0,7,NA,1
m,16,10,0,11.799999999999997,NA,0
m,16,15,0,19.099999999999994,NA,1
m,16,20,0,31,NA,1
m,16,25,0,36.099999999999994,NA,6
m,16,30,0,29.400000000000006,NA,3
m,16,35,0,25.599999999999994,NA,3
m,16,40,0.10000000000000003,30.5,NA,3
m,16,45,0,33.5,NA,8
m,16,50,0.2999999999999998,34.89999999999998,NA,9
m,16,55,0.5,36.10000000000002,NA,21
m,16,60,1.4000000000000004,35.30000000000001,NA,32
m,16,65,2.6000000000000014,28.600000000000023,NA,54
m,16,70,3.5,23.5,NA,63
m,16,75,4.5,21.400000000000006,NA,92
m,16,80,7,22.30000000000001,NA,95
m,16,85,6.900000000000006,14.799999999999997,NA,83
m,16,90,3.900000000000002,5.099999999999994,NA,49
m,16,95,1.1000000000000005,0.8999999999999986,NA,11
m,16,100,0.19999999999999996,0,NA,3
m,17,0,0,8.799999999999997,NA,3
m,17,5,0,10.200000000000003,NA,0
m,17,10,0,13.600000000000001,NA,0
m,17,15,0,20.400000000000006,NA,2
m,17,20,0,36.599999999999994,NA,0
m,17,25,0,45.400000000000034,NA,1
m,17,30,0,33.79999999999998,NA,1
m,17,35,0.1,24.19999999999999,NA,4
m,17,40,0,22.80000000000001,NA,4
m,17,45,0.09999999999999998,24.19999999999999,NA,15
m,17,50,0.20000000000000018,28.600000000000023,NA,12
m,17,55,0.5999999999999996,27.399999999999977,NA,22
m,17,60,0.40000000000000036,21.600000000000023,NA,29
m,17,65,1.6000000000000014,16.399999999999977,NA,49
m,17,70,7.399999999999999,15.5,NA,73
m,17,75,10.600000000000001,14.599999999999994,NA,92
m,17,80,8.900000000000006,14.5,NA,96
m,17,85,6.099999999999994,10.5,NA,75
m,17,90,3.1999999999999993,4.700000000000003,NA,57
m,17,95,0.7999999999999998,1.1000000000000014,NA,8
m,17,100,0,0.19999999999999996,NA,1
m,18,0,0,13.600000000000001,NA,3
m,18,5,0,13.399999999999999,NA,0
m,18,10,0,15.699999999999996,NA,0
m,18,15,0,19.299999999999997,NA,0
m,18,20,0,26.400000000000006,NA,2
m,18,25,0.1,29.5,NA,1
m,18,30,0,25.80000000000001,NA,0
m,18,35,0.09999999999999998,23.30000000000001,NA,2
m,18,40,0.29999999999999993,25.600000000000023,NA,6
m,18,45,0.5,24.399999999999977,NA,7
m,18,50,0.8999999999999999,21.599999999999966,NA,15
m,18,55,1.1000000000000005,22.400000000000034,NA,23
m,18,60,0.6999999999999993,23.399999999999977,NA,25
m,18,65,0.29999999999999716,17.600000000000023,NA,42
m,18,70,0.8999999999999986,11,NA,75
m,18,75,2.1000000000000014,7.900000000000006,NA,87
m,18,80,3.8999999999999986,8.599999999999994,NA,85
m,18,85,4.100000000000001,6.299999999999997,NA,96
m,18,90,1.8999999999999986,2.3999999999999986,NA,42
m,18,95,0.3000000000000007,0.5,NA,15
m,18,100,0,0,NA,2
m,19,0,0,3.299999999999997,NA,5
m,19,5,0,5.700000000000003,NA,0
m,19,10,0,10.100000000000009,NA,0
m,19,15,0,12.899999999999991,NA,1
m,19,20,0,11.299999999999983,NA,1
m,19,25,-0.1,14.799999999999955,NA,1
m,19,30,0,26.100000000000023,NA,2
m,19,35,-0.09999999999999998,25.899999999999977,NA,4
m,19,40,-0.19999999999999996,16.899999999999977,NA,3
m,19,45,-0.30000000000000004,9.100000000000023,NA,9
m,19,50,-0.6000000000000001,13.199999999999989,NA,24
m,19,55,-0.7000000000000002,16.899999999999977,NA,22
m,19,60,0.09999999999999964,14.199999999999989,NA,30
m,19,65,0.9000000000000021,8.699999999999989,NA,57
m,19,70,0.8999999999999986,5,NA,68
m,19,75,2.1000000000000014,3,NA,84
m,19,80,3.999999999999993,2.6999999999999886,NA,87
m,19,85,2.8999999999999986,2.4000000000000057,NA,78
m,19,90,0.3000000000000007,1.5,NA,37
m,19,95,-0.20000000000000107,0.5,NA,15
m,19,100,-0.09999999999999987,0.10000000000000009,NA,3
m,20,0,0,13.200000000000003,NA,2
m,20,5,0,8.799999999999997,NA,0
m,20,10,0,4.5,NA,0
m,20,15,0,2.5,NA,0
m,20,20,0,9.300000000000011,NA,0
m,20,25,0,19.700000000000045,NA,2
m,20,30,0,19.399999999999977,NA,1
m,20,35,0,15.5,NA,5
m,20,40,0,14.800000000000011,NA,8
m,20,45,0,15.199999999999989,NA,4
m,20,50,0,16.600000000000023,NA,12
m,20,55,0,14.400000000000034,NA,25
m,20,60,-0.09999999999999964,10,NA,31
m,20,65,0.09999999999999787,7,NA,49
m,20,70,1.3000000000000043,6.199999999999989,NA,69
m,20,75,1.6999999999999957,4.800000000000011,NA,80
m,20,80,0.6000000000000085,3.5,NA,78
m,20,85,0.4000000000000057,2.4000000000000057,NA,71
m,20,90,1.1999999999999993,1.5,NA,45
m,20,95,0.5999999999999996,0.3999999999999986,NA,13
m,20,100,0.19999999999999996,0.10000000000000009,NA,1
m,21,0,0,1.5,NA,1.9999999999999998
m,21,5,0,2.5999999999999943,NA,0
m,21,10,0,4.599999999999994,NA,0
m,21,15,0,6.400000000000006,NA,0
m,21,20,0,7.400000000000006,NA,0.9999999999999999
m,21,25,0,7.599999999999966,NA,0
m,21,30,0,7.800000000000011,NA,1.9999999999999998
m,21,35,0,6.2000000000000455,NA,0.9999999999999999
m,21,40,0,3.3999999999999773,NA,6
m,21,45,0,1.6000000000000227,NA,6
m,21,50,0,2.6999999999999886,NA,9
m,21,55,0,3.2999999999999545,NA,20
m,21,60,0,3.1999999999999886,NA,33
m,21,65,0,4.800000000000011,NA,49
m,21,70,0.7999999999999972,7.600000000000023,NA,72
m,21,75,1.2000000000000028,6.400000000000006,NA,79
m,21,80,0.7999999999999972,3.4000000000000057,NA,88
m,21,85,0.29999999999999716,1.6999999999999886,NA,71
m,21,90,0,1.3999999999999986,NA,50
m,21,95,0,0.5,NA,19
m,21,100,0,0.09999999999999987,NA,0.9999999999999999
m,22,0,0,3.700000000000003,NA,3
m,22,5,0,4.300000000000011,NA,0
m,22,10,0,5.900000000000006,NA,2
m,22,15,0,8.099999999999994,NA,0
m,22,20,0,11.800000000000011,NA,2
m,22,25,0.1,14.199999999999989,NA,0
m,22,30,0,12.899999999999977,NA,2
m,22,35,0,11.099999999999966,NA,5
m,22,40,0,11.300000000000011,NA,3
m,22,45,0.10000000000000009,10.699999999999989,NA,5
m,22,50,0.30000000000000027,10.699999999999989,NA,16
m,22,55,0.5,11.300000000000011,NA,12
m,22,60,1,11.100000000000023,NA,37
m,22,65,1.7000000000000028,7.899999999999977,NA,47
m,22,70,2.200000000000003,4.699999999999989,NA,70
m,22,75,2.799999999999997,3.299999999999983,NA,79
m,22,80,3,4,NA,78
m,22,85,2,3,NA,67
m,22,90,0.8000000000000007,0.9000000000000057,NA,43
m,22,95,0.10000000000000142,0.10000000000000142,NA,12
m,22,100,0,0,NA,1
m,23,0,0,5,NA,3.9999999999999996
m,23,5,0,4.8999999999999915,NA,0
m,23,10,0,6,NA,0
m,23,15,0,7.100000000000023,NA,0
m,23,20,0,8.899999999999977,NA,0
m,23,25,-0.1,10.100000000000023,NA,0.9999999999999999
m,23,30,0,10.100000000000023,NA,0
m,23,35,0,9,NA,1.9999999999999998
m,23,40,0,8.199999999999989,NA,1.9999999999999998
m,23,45,0,7.800000000000011,NA,5
m,23,50,0,8.100000000000023,NA,12
m,23,55,0.09999999999999964,6.800000000000011,NA,19
m,23,60,0,4.800000000000011,NA,36
m,23,65,0.29999999999999716,5.199999999999989,NA,35
m,23,70,1.5,7.300000000000011,NA,73
m,23,75,1.5,6.700000000000017,NA,80
m,23,80,0.20000000000000284,3.9000000000000057,NA,93
m,23,85,-0.29999999999999716,1.0999999999999943,NA,78
m,23,90,0,0,NA,50
m,23,95,0.09999999999999964,-0.10000000000000142,NA,7.999999999999999
m,23,100,0,-0.09999999999999987,NA,0.9999999999999999
m,24,0,0,2.700000000000003,NA,6
m,24,5,0,3.299999999999997,NA,0
m,24,10,0,4.3999999999999915,NA,0
m,24,15,0,5.599999999999994,NA,0
m,24,20,0,6.600000000000023,NA,3
m,24,25,0,7.399999999999977,NA,3
m,24,30,0,7.800000000000011,NA,2
m,24,35,0,7.100000000000023,NA,2
m,24,40,0,6.800000000000011,NA,5
m,24,45,0,7.199999999999989,NA,6
m,24,50,0,8.399999999999977,NA,12
m,24,55,0,6.600000000000023,NA,24
m,24,60,0,3.099999999999966,NA,34
m,24,65,0,1.900000000000034,NA,47
m,24,70,-0.20000000000000284,2.3999999999999773,NA,72
m,24,75,0.20000000000000284,1.599999999999966,NA,77
m,24,80,1.0999999999999943,0.5,NA,82
m,24,85,1,0.5,NA,80
m,24,90,0.10000000000000142,0.6999999999999957,NA,47
m,24,95,-0.09999999999999964,0.3000000000000007,NA,19
m,24,100,0,0.09999999999999987,NA,1
m,25,0,0,6.799999999999997,NA,2
m,25,5,0,6.200000000000003,NA,0
m,25,10,0,6.700000000000003,NA,0
m,25,15,0,7.199999999999989,NA,1
m,25,20,0,9.399999999999977,NA,2
m,25,25,0,12.600000000000023,NA,0
m,25,30,0,14.199999999999989,NA,0
m,25,35,0,12.899999999999977,NA,2
m,25,40,0,11.699999999999989,NA,5
m,25,45,0,11.300000000000011,NA,11
m,25,50,0,12.800000000000011,NA,15
m,25,55,0,11.299999999999955,NA,16
m,25,60,0.40000000000000036,8.200000000000045,NA,32
m,25,65,0.6000000000000014,7.899999999999977,NA,50
m,25,70,0.10000000000000142,10.199999999999989,NA,66
m,25,75,-0.09999999999999432,8.800000000000011,NA,72
m,25,80,0.4000000000000057,5.5,NA,67
m,25,85,0.5,2.5,NA,67
m,25,90,0.09999999999999787,0.8000000000000043,NA,53
m,25,95,-0.10000000000000142,0.1999999999999993,NA,12
m,25,100,0,0,NA,4
m,26,0,0,4.3999999999999915,NA,7
m,26,5,0,2.6000000000000085,NA,0
m,26,10,0,1.1000000000000085,NA,0
m,26,15,0,0.9000000000000057,NA,0
m,26,20,0,4.300000000000011,NA,1
m,26,25,0,8.699999999999989,NA,3
m,26,30,0,8,NA,4
m,26,35,0,6,NA,2
m,26,40,0,5.5,NA,3
m,26,45,0,5.5,NA,3
m,26,50,0,5.699999999999989,NA,9
m,26,55,0,4.2000000000000455,NA,34
m,26,60,0,2.099999999999966,NA,35
m,26,65,0,1.900000000000034,NA,42
m,26,70,0,2.8000000000000114,NA,61
m,26,75,0,2.1999999999999886,NA,94
m,26,80,0.09999999999999432,0.9000000000000057,NA,71
m,26,85,0,0.10000000000002274,NA,73
m,26,90,0,0.09999999999999432,NA,42
m,26,95,0,-0.09999999999999964,NA,17
m,26,100,0,0,NA,1
m,27,0,0,0.9000000000000057,NA,3
m,27,5,0,1.0999999999999943,NA,0
m,27,10,0,1.6999999999999886,NA,0
m,27,15,0,3.4000000000000057,NA,0.9999999999999999
m,27,20,0,8.5,NA,3.9999999999999996
m,27,25,0,12.5,NA,1.9999999999999998
m,27,30,0,9.300000000000011,NA,3
m,27,35,0,5.600000000000023,NA,1.9999999999999998
m,27,40,0,4.600000000000023,NA,1.9999999999999998
m,27,45,0,5.399999999999977,NA,0.9999999999999999
m,27,50,0,6.7000000000000455,NA,15.999999999999998
m,27,55,0,5.399999999999977,NA,28
m,27,60,0,2.6999999999999886,NA,45
m,27,65,0,2.2999999999999545,NA,45
m,27,70,0.8999999999999986,3.3999999999999773,NA,53
m,27,75,1.0999999999999943,2.6000000000000227,NA,85
m,27,80,0.20000000000000284,0.8999999999999773,NA,72
m,27,85,-0.20000000000000284,0.09999999999999432,NA,77
m,27,90,0,0,NA,50
m,27,95,0.10000000000000142,0,NA,15.999999999999998
m,27,100,0,0,NA,0.9999999999999999
m,28,0,0,0,NA,1.9999999999999998
m,28,5,0,3,NA,0
m,28,10,0,6.800000000000011,NA,0.9999999999999999
m,28,15,0,10.099999999999994,NA,0
m,28,20,0,11.599999999999966,NA,0.9999999999999999
m,28,25,0,8.400000000000034,NA,3.9999999999999996
m,28,30,0,5,NA,0.9999999999999999
m,28,35,0,6.099999999999966,NA,3.9999999999999996
m,28,40,0,10.399999999999977,NA,3.9999999999999996
m,28,45,0,10.600000000000023,NA,6
m,28,50,0,6.399999999999977,NA,15.999999999999998
m,28,55,0,5.600000000000023,NA,15.999999999999998
m,28,60,0,7.400000000000034,NA,34
m,28,65,0,5.600000000000023,NA,42
m,28,70,0,2.3000000000000114,NA,60
m,28,75,0,0.6999999999999886,NA,79
m,28,80,0,1,NA,76
m,28,85,0,0.9000000000000057,NA,73
m,28,90,0,0.10000000000000142,NA,47
m,28,95,0,0,NA,12
m,28,100,0,0,NA,0
m,29,0,0,-0.4000000000000057,NA,2
m,29,5,0,2.4000000000000057,NA,0
m,29,10,0,6.099999999999994,NA,0
m,29,15,0,9,NA,1
m,29,20,0,10.5,NA,4
m,29,25,0,10.5,NA,3
m,29,30,0,10.099999999999966,NA,1
m,29,35,0,7.900000000000034,NA,1
m,29,40,0,6.2000000000000455,NA,5
m,29,45,0,8.799999999999955,NA,7
m,29,50,0,15.100000000000023,NA,14
m,29,55,0,12.899999999999977,NA,28
m,29,60,-0.09999999999999964,5.399999999999977,NA,33
m,29,65,0.10000000000000142,3.5,NA,47
m,29,70,0,5.5,NA,77.99999999999999
m,29,75,0,4.5,NA,90
m,29,80,-0.09999999999999432,1.6000000000000227,NA,84
m,29,85,0,0.5,NA,76
m,29,90,0,0.7000000000000028,NA,46
m,29,95,0,0.20000000000000107,NA,19
m,29,100,0,0,NA,1
m,30,0,0,4.700000000000003,NA,2
m,30,5,0,5.299999999999997,NA,1
m,30,10,0,7.300000000000011,NA,1
m,30,15,0,11.699999999999989,NA,2
m,30,20,0,23.100000000000023,NA,2
m,30,25,0,32.89999999999998,NA,4
m,30,30,0,30.30000000000001,NA,4
m,30,35,0,27.69999999999999,NA,5
m,30,40,0,32.19999999999999,NA,5
m,30,45,0,31.800000000000068,NA,6
m,30,50,0,25.299999999999955,NA,9
m,30,55,0,18.69999999999999,NA,19
m,30,60,0,13.800000000000011,NA,33
m,30,65,0,8.300000000000011,NA,47
m,30,70,0.5,3.900000000000034,NA,59
m,30,75,0.5,2.1000000000000227,NA,80
m,30,80,0.09999999999999432,3,NA,75
m,30,85,-0.10000000000000142,2,NA,67
m,30,90,0,0.19999999999999574,NA,49
m,30,95,0,-0.10000000000000142,NA,13
m,30,100,0,0,NA,2
m,31,0,0,10.600000000000009,NA,1
m,31,5,0,17.39999999999999,NA,0
m,31,10,0,28.299999999999983,NA,1
m,31,15,0,36.70000000000002,NA,2
m,31,20,0,42.5,NA,5
m,31,25,0,46.5,NA,2
m,31,30,0,48,NA,0
m,31,35,0,41,NA,2
m,31,40,0,32.900000000000034,NA,4
m,31,45,0,31.09999999999991,NA,8
m,31,50,0,40.89999999999998,NA,13
m,31,55,0,41.099999999999966,NA,22
m,31,60,0,28.19999999999999,NA,24
m,31,65,0,14.800000000000011,NA,48
m,31,70,-0.10000000000000142,7,NA,71
m,31,75,0.09999999999999432,2,NA,69
m,31,80,0.4000000000000057,-0.20000000000001705,NA,93
m,31,85,0.6000000000000014,0.09999999999999432,NA,66
m,31,90,0.6000000000000014,0.6000000000000014,NA,42
m,31,95,0.1999999999999993,0.3000000000000007,NA,20
m,31,100,0,0,NA,1
m,32,0,0,13.299999999999997,NA,2
m,32,5,0,23.700000000000017,NA,0
m,32,10,0,40.5,NA,1
m,32,15,0,54.400000000000006,NA,0
m,32,20,0,64.60000000000002,NA,2
m,32,25,0,60.39999999999998,NA,3
m,32,30,0.19999999999999998,46,NA,1
m,32,35,0.49999999999999994,32.89999999999998,NA,5
m,32,40,-0.5,26.299999999999955,NA,6
m,32,45,-1.3,25.700000000000045,NA,7
m,32,50,0.19999999999999973,32.5,NA,16
m,32,55,1,31.5,NA,25
m,32,60,0.09999999999999964,21.100000000000023,NA,19
m,32,65,-0.10000000000000142,11.899999999999977,NA,36
m,32,70,0.5,7.599999999999966,NA,60
m,32,75,0.5,4.399999999999977,NA,73
m,32,80,0.5999999999999943,2.700000000000017,NA,82
m,32,85,0.3999999999999986,1.299999999999983,NA,80
m,32,90,0.10000000000000142,0.30000000000000426,NA,45
m,32,95,0,0,NA,8
m,32,100,0,0,NA,1
m,33,0,0,9.799999999999997,NA,1
m,33,5,0,18.19999999999999,NA,1
m,33,10,0,32.400000000000006,NA,0
m,33,15,0,44.69999999999999,NA,1
m,33,20,0,53.19999999999999,NA,1
m,33,25,0,46.80000000000007,NA,2
m,33,30,0,30.700000000000045,NA,2
m,33,35,0,20.400000000000034,NA,4
m,33,40,0,17.700000000000045,NA,3
m,33,45,0,17.299999999999955,NA,8
m,33,50,0,18.90000000000009,NA,12
m,33,55,0,17.100000000000023,NA,31
m,33,60,0,12,NA,32
m,33,65,0,7,NA,52
m,33,70,0,3.900000000000034,NA,74
m,33,75,0,2.1000000000000227,NA,83
m,33,80,0,1.799999999999983,NA,80
m,33,85,0,1.3000000000000114,NA,62
m,33,90,0,0.5999999999999943,NA,42
m,33,95,0,0.09999999999999964,NA,16
m,33,100,0,0,NA,1
m,34,0,0,4.099999999999994,NA,4
m,34,5,0,10.900000000000006,NA,1
m,34,10,0,23.100000000000023,NA,0
m,34,15,0,35.80000000000001,NA,0
m,34,20,0,47.19999999999999,NA,1
m,34,25,0,42.799999999999955,NA,3
m,34,30,0,26,NA,3
m,34,35,0,17.999999999999943,NA,4
m,34,40,0,20.399999999999977,NA,6
m,34,45,0,21.600000000000023,NA,4
m,34,50,0,18.899999999999977,NA,14.000000000000002
m,34,55,0,15.100000000000023,NA,19
m,34,60,0,12,NA,23
m,34,65,0,9,NA,55
m,34,70,-0.10000000000000142,6.899999999999977,NA,53
m,34,75,0.10000000000000853,4,NA,83
m,34,80,0.5,1.9000000000000057,NA,90
m,34,85,0.5,1.0999999999999943,NA,86
m,34,90,0,0.7000000000000028,NA,53
m,34,95,0,0.3000000000000007,NA,20.000000000000004
m,34,100,0,0.10000000000000009,NA,3
m,35,0,0,10.599999999999994,NA,3
m,35,5,0,16.400000000000006,NA,0
m,35,10,0,28.5,NA,0
m,35,15,0,48.5,NA,1
m,35,20,0,81.5,NA,2
m,35,25,0,89.5,NA,2
m,35,30,0,58.89999999999998,NA,1
m,35,35,0,40.10000000000002,NA,4
m,35,40,0,42.89999999999998,NA,0
m,35,45,0,44.10000000000002,NA,1
m,35,50,0,37.69999999999993,NA,8
m,35,55,0,27.299999999999955,NA,18
m,35,60,0,19.80000000000001,NA,30
m,35,65,0,16.19999999999999,NA,47
m,35,70,0.4000000000000057,14.5,NA,60
m,35,75,0.5999999999999943,8.599999999999966,NA,88
m,35,80,0.20000000000000284,2.5999999999999943,NA,82
m,35,85,-0.10000000000000142,0.30000000000001137,NA,66
m,35,90,0,0.6000000000000014,NA,45
m,35,95,0,0.29999999999999893,NA,15
m,35,100,0,0,NA,0
m,36,0,0,19.600000000000023,NA,1
m,36,5,0,40.39999999999998,NA,0
m,36,10,0,75.5,NA,0
m,36,15,0,101.49999999999994,NA,1
m,36,20,0,112.10000000000002,NA,1
m,36,25,0,98.89999999999998,NA,2
m,36,30,0,77.89999999999998,NA,1
m,36,35,0,65.10000000000002,NA,5
m,36,40,0,67.10000000000002,NA,6
m,36,45,0,72.89999999999998,NA,5
m,36,50,0,79.70000000000005,NA,3
m,36,55,0,69.30000000000007,NA,13
m,36,60,-0.09999999999999964,48.10000000000002,NA,31
m,36,65,0.10000000000000142,33.900000000000034,NA,40
m,36,70,0.3999999999999986,29.600000000000023,NA,60
m,36,75,0.6000000000000085,20.400000000000034,NA,72
m,36,80,0.3999999999999915,10.900000000000006,NA,76
m,36,85,0.5,4.099999999999994,NA,84
m,36,90,0.6999999999999993,1,NA,47
m,36,95,0.3000000000000007,0,NA,17
m,36,100,0.09999999999999987,0,NA,0
m,37,0,0,14.099999999999994,NA,1
m,37,5,0,44.900000000000034,NA,2
m,37,10,0,102.69999999999999,NA,0
m,37,15,0,157.4000000000001,NA,1
m,37,20,0,190.69999999999993,NA,0
m,37,25,0,167.30000000000007,NA,5.000000000000001
m,37,30,0,113.5,NA,4
m,37,35,0,86.5,NA,3
m,37,40,0,96.19999999999993,NA,3
m,37,45,0,115.80000000000007,NA,6
m,37,50,0,130.20000000000005,NA,11
m,37,55,0,106.79999999999995,NA,24
m,37,60,0,68.19999999999993,NA,41
m,37,65,0,49.799999999999955,NA,39
m,37,70,0.29999999999999716,48.599999999999966,NA,61
m,37,75,0.6999999999999886,34.39999999999998,NA,89
m,37,80,1.2000000000000028,17.19999999999999,NA,83
m,37,85,0.9000000000000057,6.900000000000006,NA,87
m,37,90,0.09999999999999787,3.1000000000000014,NA,44
m,37,95,-0.10000000000000142,0.8000000000000007,NA,19
m,37,100,-0.09999999999999987,0.09999999999999987,NA,2
m,38,0,0,28.599999999999994,NA,3
m,38,5,0,73.39999999999998,NA,0
m,38,10,0,160.90000000000003,NA,0
m,38,15,0,237,NA,1.9999999999999998
m,38,20,0,264.60000000000014,NA,0.9999999999999999
m,38,25,0,206.39999999999986,NA,0
m,38,30,0,124.79999999999995,NA,1.9999999999999998
m,38,35,0,93.20000000000005,NA,1.9999999999999998
m,38,40,0,110.10000000000002,NA,3.9999999999999996
m,38,45,0,135,NA,7
m,38,50,0,148.5,NA,17
m,38,55,0,123.5,NA,24
m,38,60,0,80.70000000000005,NA,35
m,38,65,0,50.39999999999998,NA,46
m,38,70,0.30000000000000426,36.60000000000002,NA,71
m,38,75,0.7000000000000028,24.400000000000034,NA,111.00000000000001
m,38,80,1.1000000000000085,17.19999999999999,NA,100
m,38,85,0.8999999999999986,10.699999999999989,NA,74
m,38,90,0.20000000000000284,4.700000000000003,NA,48
m,38,95,-0.09999999999999964,1.1000000000000014,NA,11
m,38,100,0,0.20000000000000018,NA,3
m,39,0,0,29.80000000000001,NA,0
m,39,5,0,58.19999999999999,NA,0
m,39,10,0,110.89999999999998,NA,0
m,39,15,0,152.0999999999999,NA,0
m,39,20,0,170.5999999999999,NA,4
m,39,25,0,149.4000000000001,NA,3
m,39,30,0,110.29999999999995,NA,0
m,39,35,0,94.69999999999993,NA,1
m,39,40,0,109.10000000000002,NA,0
m,39,45,0,117.79999999999995,NA,10
m,39,50,0,111.70000000000005,NA,13
m,39,55,0,88.20000000000005,NA,19
m,39,60,0.29999999999999893,63.10000000000002,NA,35
m,39,65,0.6999999999999993,46.90000000000009,NA,38
m,39,70,0.7999999999999972,39.099999999999966,NA,80
m,39,75,1.2000000000000028,22.899999999999977,NA,71
m,39,80,1.6999999999999886,9.700000000000045,NA,93
m,39,85,1.1999999999999957,4.300000000000011,NA,79
m,39,90,0.10000000000000142,2.799999999999997,NA,38
m,39,95,-0.09999999999999964,1,NA,15
m,39,100,0,0.10000000000000009,NA,1
m,40,0,0,21.5,NA,1
m,40,5,0,54.5,NA,0
m,40,10,0,117.5,NA,0
m,40,15,0,157.5,NA,1
m,40,20,0,151.0999999999999,NA,3
m,40,25,0,119.90000000000009,NA,1
m,40,30,0,97.10000000000014,NA,2
m,40,35,0,89.89999999999998,NA,2
m,40,40,0,104.79999999999995,NA,3
m,40,45,0,120.20000000000005,NA,6
m,40,50,0,126,NA,14
m,40,55,0,99.10000000000002,NA,21
m,40,60,-0.09999999999999964,62,NA,21
m,40,65,0,43,NA,47
m,40,70,1.2999999999999972,40.30000000000007,NA,73
m,40,75,1.7000000000000028,31.69999999999999,NA,85
m,40,80,0.9000000000000057,21.799999999999955,NA,78
m,40,85,1.1000000000000014,11.199999999999989,NA,76
m,40,90,1.8999999999999986,3.5999999999999943,NA,51
m,40,95,0.9000000000000004,0.5,NA,18
m,40,100,0.09999999999999987,0,NA,2
m,41,0,0,25.69999999999999,NA,1
m,41,5,0,47.30000000000001,NA,0
m,41,10,0,87.69999999999993,NA,1
m,41,15,0,124.29999999999995,NA,0
m,41,20,0,157,NA,0
m,41,25,0,163,NA,1
m,41,30,0,134,NA,0
m,41,35,0,108,NA,1
m,41,40,0,109.29999999999995,NA,1
m,41,45,0,121.79999999999995,NA,11
m,41,50,0,139.19999999999982,NA,6
m,41,55,0,120.79999999999995,NA,17
m,41,60,0.40000000000000036,80.39999999999998,NA,39
m,41,65,0.6999999999999993,52.59999999999991,NA,42
m,41,70,1,41.299999999999955,NA,59
m,41,75,1,26.69999999999999,NA,77
m,41,80,1,15.600000000000023,NA,89
m,41,85,1.000000000000007,8.400000000000006,NA,75
m,41,90,0.6999999999999957,3.799999999999997,NA,33
m,41,95,0.29999999999999893,1,NA,19
m,41,100,0.10000000000000009,0.19999999999999973,NA,1
m,42,0,0,43,NA,2
m,42,5,0,108,NA,1
m,42,10,0,235.10000000000014,NA,0
m,42,15,0,318,NA,1
m,42,20,0,317.3000000000002,NA,2
m,42,25,0,270.6999999999998,NA,0
m,42,30,0,222.79999999999995,NA,2
m,42,35,0,196.20000000000005,NA,2
m,42,40,0,208.80000000000018,NA,4
m,42,45,0,218.0999999999999,NA,10
m,42,50,0,219.60000000000014,NA,12
m,42,55,0,183.29999999999995,NA,26
m,42,60,-0.09999999999999964,128.69999999999993,NA,23
m,42,65,0.10000000000000142,89.40000000000009,NA,52
m,42,70,1.1000000000000014,70.29999999999995,NA,83
m,42,75,1.8999999999999915,42.80000000000001,NA,94
m,42,80,1.5,22.19999999999999,NA,80
m,42,85,1.5,9.900000000000006,NA,86
m,42,90,1.9000000000000057,3.4000000000000057,NA,45
m,42,95,0.8000000000000007,0.5999999999999979,NA,10
m,42,100,0.19999999999999996,0,NA,1
m,43,0,0,61.19999999999999,NA,4
m,43,5,0,139.79999999999995,NA,0
m,43,10,0,290.29999999999995,NA,0
m,43,15,0,384.7000000000003,NA,1
m,43,20,0,382.4000000000001,NA,0
m,43,25,0,317.7000000000003,NA,2
m,43,30,0,251.29999999999995,NA,2
m,43,35,0,230.70000000000005,NA,2
m,43,40,0,267.29999999999995,NA,3.0000000000000004
m,43,45,0,283.70000000000005,NA,9
m,43,50,0,261.0999999999999,NA,12.000000000000002
m,43,55,0.10000000000000053,194,NA,25
m,43,60,0.6999999999999993,130.29999999999995,NA,39
m,43,65,1.2999999999999972,97.69999999999993,NA,50
m,43,70,1.6000000000000014,86.5,NA,73
m,43,75,2.4000000000000057,55.400000000000034,NA,99
m,43,80,3.799999999999997,27.80000000000001,NA,101
m,43,85,3.299999999999997,13.099999999999994,NA,81
m,43,90,1.5999999999999943,6.200000000000003,NA,50
m,43,95,0.40000000000000036,1.6000000000000014,NA,17
m,43,100,0,0.20000000000000018,NA,5
m,44,0,NA,NA,NA,NA
m,44,5,NA,NA,NA,NA
m,44,10,NA,NA,NA,NA
m,44,15,NA,NA,NA,NA
m,44,20,NA,NA,NA,NA
m,44,25,NA,NA,NA,NA
m,44,30,NA,NA,NA,NA
m,44,35,NA,NA,NA,NA
m,44,40,NA,NA,NA,NA
m,44,45,NA,NA,NA,NA
m,44,50,NA,NA,NA,NA
m,44,55,NA,NA,NA,NA
m,44,60,NA,NA,NA,NA
m,44,65,NA,NA,NA,NA
m,44,70,NA,NA,NA,NA
m,44,75,NA,NA,NA,NA
m,44,80,NA,NA,NA,NA
m,44,85,NA,NA,NA,NA
m,44,90,NA,NA,NA,NA
m,44,95,NA,NA,NA,NA
m,44,100,NA,NA,NA,NA
